
> api@0.0.1 dev
> nest start --watch

[2J[3J[H[[90m10:19:53 AM[0m] Starting compilation in watch mode...

[[90m10:19:54 AM[0m] Found 0 errors. Watching for file changes.

[32m[Nest] 27066  - [39m12/31/2025, 10:19:54 AM [32m    LOG[39m [38;5;3m[NestFactory] [39m[32mStarting Nest application...[39m
[32m[Nest] 27066  - [39m12/31/2025, 10:19:54 AM [32m    LOG[39m [38;5;3m[InstanceLoader] [39m[32mPassportModule dependencies initialized[39m[38;5;3m +32ms[39m
[32m[Nest] 27066  - [39m12/31/2025, 10:19:54 AM [32m    LOG[39m [38;5;3m[InstanceLoader] [39m[32mConfigHostModule dependencies initialized[39m[38;5;3m +41ms[39m
[32m[Nest] 27066  - [39m12/31/2025, 10:19:54 AM [32m    LOG[39m [38;5;3m[InstanceLoader] [39m[32mThrottlerModule dependencies initialized[39m[38;5;3m +0ms[39m
[32m[Nest] 27066  - [39m12/31/2025, 10:19:54 AM [32m    LOG[39m [38;5;3m[InstanceLoader] [39m[32mUsersModule dependencies initialized[39m[38;5;3m +0ms[39m
[32m[Nest] 27066  - [39m12/31/2025, 10:19:54 AM [32m    LOG[39m [38;5;3m[InstanceLoader] [39m[32mDiscoveryModule dependencies initialized[39m[38;5;3m +0ms[39m
[32m[Nest] 27066  - [39m12/31/2025, 10:19:54 AM [32m    LOG[39m [38;5;3m[InstanceLoader] [39m[32mConfigModule dependencies initialized[39m[38;5;3m +1ms[39m
[32m[Nest] 27066  - [39m12/31/2025, 10:19:54 AM [32m    LOG[39m [38;5;3m[InstanceLoader] [39m[32mConfigModule dependencies initialized[39m[38;5;3m +0ms[39m
[32m[Nest] 27066  - [39m12/31/2025, 10:19:54 AM [32m    LOG[39m [38;5;3m[InstanceLoader] [39m[32mScheduleModule dependencies initialized[39m[38;5;3m +0ms[39m
[32m[Nest] 27066  - [39m12/31/2025, 10:19:54 AM [32m    LOG[39m [38;5;3m[InstanceLoader] [39m[32mJwtModule dependencies initialized[39m[38;5;3m +1ms[39m
[32m[Nest] 27066  - [39m12/31/2025, 10:19:54 AM [32m    LOG[39m [38;5;3m[InstanceLoader] [39m[32mJwtModule dependencies initialized[39m[38;5;3m +0ms[39m
[32m[Nest] 27066  - [39m12/31/2025, 10:19:54 AM [32m    LOG[39m [38;5;3m[InstanceLoader] [39m[32mUploadsModule dependencies initialized[39m[38;5;3m +0ms[39m
[32m[Nest] 27066  - [39m12/31/2025, 10:19:54 AM [32m    LOG[39m [38;5;3m[InstanceLoader] [39m[32mAppModule dependencies initialized[39m[38;5;3m +0ms[39m
[32m[Nest] 27066  - [39m12/31/2025, 10:19:54 AM [32m    LOG[39m [38;5;3m[InstanceLoader] [39m[32mAuditModule dependencies initialized[39m[38;5;3m +0ms[39m
[32m[Nest] 27066  - [39m12/31/2025, 10:19:54 AM [32m    LOG[39m [38;5;3m[InstanceLoader] [39m[32mPushModule dependencies initialized[39m[38;5;3m +0ms[39m
[32m[Nest] 27066  - [39m12/31/2025, 10:19:54 AM [32m    LOG[39m [38;5;3m[InstanceLoader] [39m[32mTimeTrackingModule dependencies initialized[39m[38;5;3m +0ms[39m
[32m[Nest] 27066  - [39m12/31/2025, 10:19:54 AM [32m    LOG[39m [38;5;3m[InstanceLoader] [39m[32mLeaveModule dependencies initialized[39m[38;5;3m +0ms[39m
[32m[Nest] 27066  - [39m12/31/2025, 10:19:54 AM [32m    LOG[39m [38;5;3m[InstanceLoader] [39m[32mLoansModule dependencies initialized[39m[38;5;3m +0ms[39m
[32m[Nest] 27066  - [39m12/31/2025, 10:19:54 AM [32m    LOG[39m [38;5;3m[InstanceLoader] [39m[32mInvoicesModule dependencies initialized[39m[38;5;3m +0ms[39m
[32m[Nest] 27066  - [39m12/31/2025, 10:19:54 AM [32m    LOG[39m [38;5;3m[InstanceLoader] [39m[32mReportsModule dependencies initialized[39m[38;5;3m +0ms[39m
[32m[Nest] 27066  - [39m12/31/2025, 10:19:54 AM [32m    LOG[39m [38;5;3m[InstanceLoader] [39m[32mBusinessesModule dependencies initialized[39m[38;5;3m +0ms[39m
[32m[Nest] 27066  - [39m12/31/2025, 10:19:54 AM [32m    LOG[39m [38;5;3m[InstanceLoader] [39m[32mLocationsModule dependencies initialized[39m[38;5;3m +0ms[39m
[32m[Nest] 27066  - [39m12/31/2025, 10:19:54 AM [32m    LOG[39m [38;5;3m[InstanceLoader] [39m[32mClientsModule dependencies initialized[39m[38;5;3m +0ms[39m
[32m[Nest] 27066  - [39m12/31/2025, 10:19:54 AM [32m    LOG[39m [38;5;3m[InstanceLoader] [39m[32mServicePinsModule dependencies initialized[39m[38;5;3m +0ms[39m
[32m[Nest] 27066  - [39m12/31/2025, 10:19:54 AM [32m    LOG[39m [38;5;3m[InstanceLoader] [39m[32mPatrolLogsModule dependencies initialized[39m[38;5;3m +0ms[39m
[32m[Nest] 27066  - [39m12/31/2025, 10:19:54 AM [32m    LOG[39m [38;5;3m[InstanceLoader] [39m[32mIncidentReportsModule dependencies initialized[39m[38;5;3m +0ms[39m
[32m[Nest] 27066  - [39m12/31/2025, 10:19:54 AM [32m    LOG[39m [38;5;3m[InstanceLoader] [39m[32mAssetsModule dependencies initialized[39m[38;5;3m +0ms[39m
[32m[Nest] 27066  - [39m12/31/2025, 10:19:54 AM [32m    LOG[39m [38;5;3m[InstanceLoader] [39m[32mPaymentsModule dependencies initialized[39m[38;5;3m +0ms[39m
[32m[Nest] 27066  - [39m12/31/2025, 10:19:54 AM [32m    LOG[39m [38;5;3m[InstanceLoader] [39m[32mDepartmentsModule dependencies initialized[39m[38;5;3m +0ms[39m
[32m[Nest] 27066  - [39m12/31/2025, 10:19:54 AM [32m    LOG[39m [38;5;3m[InstanceLoader] [39m[32mRolesModule dependencies initialized[39m[38;5;3m +0ms[39m
[32m[Nest] 27066  - [39m12/31/2025, 10:19:54 AM [32m    LOG[39m [38;5;3m[InstanceLoader] [39m[32mAnnouncementsModule dependencies initialized[39m[38;5;3m +0ms[39m
[32m[Nest] 27066  - [39m12/31/2025, 10:19:54 AM [32m    LOG[39m [38;5;3m[InstanceLoader] [39m[32mEmailTemplatesModule dependencies initialized[39m[38;5;3m +0ms[39m
[32m[Nest] 27066  - [39m12/31/2025, 10:19:54 AM [32m    LOG[39m [38;5;3m[InstanceLoader] [39m[32mNotificationsModule dependencies initialized[39m[38;5;3m +0ms[39m
[32m[Nest] 27066  - [39m12/31/2025, 10:19:54 AM [32m    LOG[39m [38;5;3m[InstanceLoader] [39m[32mEmailCampaignsModule dependencies initialized[39m[38;5;3m +0ms[39m
[32m[Nest] 27066  - [39m12/31/2025, 10:19:54 AM [32m    LOG[39m [38;5;3m[InstanceLoader] [39m[32mPayrollModule dependencies initialized[39m[38;5;3m +0ms[39m
[32m[Nest] 27066  - [39m12/31/2025, 10:19:54 AM [32m    LOG[39m [38;5;3m[InstanceLoader] [39m[32mEmployeesModule dependencies initialized[39m[38;5;3m +0ms[39m
[32m[Nest] 27066  - [39m12/31/2025, 10:19:54 AM [32m    LOG[39m [38;5;3m[InstanceLoader] [39m[32mSchedulingModule dependencies initialized[39m[38;5;3m +0ms[39m
[32m[Nest] 27066  - [39m12/31/2025, 10:19:54 AM [32m    LOG[39m [38;5;3m[InstanceLoader] [39m[32mAuthModule dependencies initialized[39m[38;5;3m +0ms[39m
[32m[Nest] 27066  - [39m12/31/2025, 10:19:54 AM [32m    LOG[39m [38;5;3m[RoutesResolver] [39m[32mAppController {/}:[39m[38;5;3m +2ms[39m
[32m[Nest] 27066  - [39m12/31/2025, 10:19:54 AM [32m    LOG[39m [38;5;3m[RouterExplorer] [39m[32mMapped {/, GET} route[39m[38;5;3m +1ms[39m
[32m[Nest] 27066  - [39m12/31/2025, 10:19:54 AM [32m    LOG[39m [38;5;3m[RouterExplorer] [39m[32mMapped {/businesses, GET} route[39m[38;5;3m +0ms[39m
[32m[Nest] 27066  - [39m12/31/2025, 10:19:54 AM [32m    LOG[39m [38;5;3m[RoutesResolver] [39m[32mAuthController {/auth}:[39m[38;5;3m +0ms[39m
[32m[Nest] 27066  - [39m12/31/2025, 10:19:54 AM [32m    LOG[39m [38;5;3m[RouterExplorer] [39m[32mMapped {/auth/login, POST} route[39m[38;5;3m +0ms[39m
[32m[Nest] 27066  - [39m12/31/2025, 10:19:54 AM [32m    LOG[39m [38;5;3m[RouterExplorer] [39m[32mMapped {/auth/register, POST} route[39m[38;5;3m +0ms[39m
[32m[Nest] 27066  - [39m12/31/2025, 10:19:54 AM [32m    LOG[39m [38;5;3m[RouterExplorer] [39m[32mMapped {/auth/profile, GET} route[39m[38;5;3m +1ms[39m
[32m[Nest] 27066  - [39m12/31/2025, 10:19:54 AM [32m    LOG[39m [38;5;3m[RoutesResolver] [39m[32mPayrollController {/payroll}:[39m[38;5;3m +0ms[39m
[32m[Nest] 27066  - [39m12/31/2025, 10:19:54 AM [32m    LOG[39m [38;5;3m[RouterExplorer] [39m[32mMapped {/payroll/create, POST} route[39m[38;5;3m +0ms[39m
[32m[Nest] 27066  - [39m12/31/2025, 10:19:54 AM [32m    LOG[39m [38;5;3m[RouterExplorer] [39m[32mMapped {/payroll/:id/calculate, POST} route[39m[38;5;3m +0ms[39m
[32m[Nest] 27066  - [39m12/31/2025, 10:19:54 AM [32m    LOG[39m [38;5;3m[RouterExplorer] [39m[32mMapped {/payroll/:id/finalize, POST} route[39m[38;5;3m +0ms[39m
[32m[Nest] 27066  - [39m12/31/2025, 10:19:54 AM [32m    LOG[39m [38;5;3m[RouterExplorer] [39m[32mMapped {/payroll/:id, DELETE} route[39m[38;5;3m +0ms[39m
[32m[Nest] 27066  - [39m12/31/2025, 10:19:54 AM [32m    LOG[39m [38;5;3m[RouterExplorer] [39m[32mMapped {/payroll/paystub/:id, PATCH} route[39m[38;5;3m +0ms[39m
[32m[Nest] 27066  - [39m12/31/2025, 10:19:54 AM [32m    LOG[39m [38;5;3m[RouterExplorer] [39m[32mMapped {/payroll/paystubs, GET} route[39m[38;5;3m +0ms[39m
[32m[Nest] 27066  - [39m12/31/2025, 10:19:54 AM [32m    LOG[39m [38;5;3m[RouterExplorer] [39m[32mMapped {/payroll/my-paystubs, GET} route[39m[38;5;3m +0ms[39m
[32m[Nest] 27066  - [39m12/31/2025, 10:19:54 AM [32m    LOG[39m [38;5;3m[RouterExplorer] [39m[32mMapped {/payroll, GET} route[39m[38;5;3m +0ms[39m
[32m[Nest] 27066  - [39m12/31/2025, 10:19:54 AM [32m    LOG[39m [38;5;3m[RouterExplorer] [39m[32mMapped {/payroll/:id, GET} route[39m[38;5;3m +0ms[39m
[32m[Nest] 27066  - [39m12/31/2025, 10:19:54 AM [32m    LOG[39m [38;5;3m[RouterExplorer] [39m[32mMapped {/payroll/business/:businessId, GET} route[39m[38;5;3m +1ms[39m
[32m[Nest] 27066  - [39m12/31/2025, 10:19:54 AM [32m    LOG[39m [38;5;3m[RouterExplorer] [39m[32mMapped {/payroll/report/year-end, GET} route[39m[38;5;3m +0ms[39m
[32m[Nest] 27066  - [39m12/31/2025, 10:19:54 AM [32m    LOG[39m [38;5;3m[RouterExplorer] [39m[32mMapped {/payroll/report/annual, GET} route[39m[38;5;3m +0ms[39m
[32m[Nest] 27066  - [39m12/31/2025, 10:19:54 AM [32m    LOG[39m [38;5;3m[RoutesResolver] [39m[32mSchedulingController {/scheduling}:[39m[38;5;3m +0ms[39m
[32m[Nest] 27066  - [39m12/31/2025, 10:19:54 AM [32m    LOG[39m [38;5;3m[RouterExplorer] [39m[32mMapped {/scheduling/shifts, POST} route[39m[38;5;3m +0ms[39m
[32m[Nest] 27066  - [39m12/31/2025, 10:19:54 AM [32m    LOG[39m [38;5;3m[RouterExplorer] [39m[32mMapped {/scheduling/shifts, GET} route[39m[38;5;3m +0ms[39m
[32m[Nest] 27066  - [39m12/31/2025, 10:19:54 AM [32m    LOG[39m [38;5;3m[RouterExplorer] [39m[32mMapped {/scheduling/my, GET} route[39m[38;5;3m +0ms[39m
[32m[Nest] 27066  - [39m12/31/2025, 10:19:54 AM [32m    LOG[39m [38;5;3m[RouterExplorer] [39m[32mMapped {/scheduling/my-peers, GET} route[39m[38;5;3m +0ms[39m
[32m[Nest] 27066  - [39m12/31/2025, 10:19:54 AM [32m    LOG[39m [38;5;3m[RouterExplorer] [39m[32mMapped {/scheduling/shifts/:id/apply, POST} route[39m[38;5;3m +0ms[39m
[32m[Nest] 27066  - [39m12/31/2025, 10:19:54 AM [32m    LOG[39m [38;5;3m[RouterExplorer] [39m[32mMapped {/scheduling/applications/:id/approve, POST} route[39m[38;5;3m +0ms[39m
[32m[Nest] 27066  - [39m12/31/2025, 10:19:54 AM [32m    LOG[39m [38;5;3m[RouterExplorer] [39m[32mMapped {/scheduling/applications/:id/decline, POST} route[39m[38;5;3m +0ms[39m
[32m[Nest] 27066  - [39m12/31/2025, 10:19:54 AM [32m    LOG[39m [38;5;3m[RouterExplorer] [39m[32mMapped {/scheduling/shifts/:id, PUT} route[39m[38;5;3m +0ms[39m
[32m[Nest] 27066  - [39m12/31/2025, 10:19:54 AM [32m    LOG[39m [38;5;3m[RouterExplorer] [39m[32mMapped {/scheduling/shifts/:id, DELETE} route[39m[38;5;3m +0ms[39m
[32m[Nest] 27066  - [39m12/31/2025, 10:19:54 AM [32m    LOG[39m [38;5;3m[RouterExplorer] [39m[32mMapped {/scheduling/shifts/publish, POST} route[39m[38;5;3m +0ms[39m
[32m[Nest] 27066  - [39m12/31/2025, 10:19:54 AM [32m    LOG[39m [38;5;3m[RoutesResolver] [39m[32mNotificationsController {/notifications}:[39m[38;5;3m +0ms[39m
[32m[Nest] 27066  - [39m12/31/2025, 10:19:54 AM [32m    LOG[39m [38;5;3m[RouterExplorer] [39m[32mMapped {/notifications, GET} route[39m[38;5;3m +0ms[39m
[32m[Nest] 27066  - [39m12/31/2025, 10:19:54 AM [32m    LOG[39m [38;5;3m[RouterExplorer] [39m[32mMapped {/notifications/conversation/:employeeId, GET} route[39m[38;5;3m +0ms[39m
[32m[Nest] 27066  - [39m12/31/2025, 10:19:54 AM [32m    LOG[39m [38;5;3m[RouterExplorer] [39m[32mMapped {/notifications/conversation, POST} route[39m[38;5;3m +0ms[39m
[32m[Nest] 27066  - [39m12/31/2025, 10:19:54 AM [32m    LOG[39m [38;5;3m[RouterExplorer] [39m[32mMapped {/notifications/:id/read, PATCH} route[39m[38;5;3m +0ms[39m
[32m[Nest] 27066  - [39m12/31/2025, 10:19:54 AM [32m    LOG[39m [38;5;3m[RouterExplorer] [39m[32mMapped {/notifications/read-all, PATCH} route[39m[38;5;3m +0ms[39m
[32m[Nest] 27066  - [39m12/31/2025, 10:19:54 AM [32m    LOG[39m [38;5;3m[RouterExplorer] [39m[32mMapped {/notifications/:id, DELETE} route[39m[38;5;3m +0ms[39m
[32m[Nest] 27066  - [39m12/31/2025, 10:19:54 AM [32m    LOG[39m [38;5;3m[RouterExplorer] [39m[32mMapped {/notifications/stream, GET} route[39m[38;5;3m +0ms[39m
[32m[Nest] 27066  - [39m12/31/2025, 10:19:54 AM [32m    LOG[39m [38;5;3m[RoutesResolver] [39m[32mPushController {/push}:[39m[38;5;3m +0ms[39m
[32m[Nest] 27066  - [39m12/31/2025, 10:19:54 AM [32m    LOG[39m [38;5;3m[RouterExplorer] [39m[32mMapped {/push/register, POST} route[39m[38;5;3m +0ms[39m
[32m[Nest] 27066  - [39m12/31/2025, 10:19:54 AM [32m    LOG[39m [38;5;3m[RouterExplorer] [39m[32mMapped {/push/register, DELETE} route[39m[38;5;3m +0ms[39m
[32m[Nest] 27066  - [39m12/31/2025, 10:19:54 AM [32m    LOG[39m [38;5;3m[RoutesResolver] [39m[32mTimeTrackingController {/time-tracking}:[39m[38;5;3m +0ms[39m
[32m[Nest] 27066  - [39m12/31/2025, 10:19:54 AM [32m    LOG[39m [38;5;3m[RouterExplorer] [39m[32mMapped {/time-tracking/import, POST} route[39m[38;5;3m +0ms[39m
[32m[Nest] 27066  - [39m12/31/2025, 10:19:54 AM [32m    LOG[39m [38;5;3m[RouterExplorer] [39m[32mMapped {/time-tracking/clock-in, POST} route[39m[38;5;3m +0ms[39m
[32m[Nest] 27066  - [39m12/31/2025, 10:19:54 AM [32m    LOG[39m [38;5;3m[RouterExplorer] [39m[32mMapped {/time-tracking/clock-out, POST} route[39m[38;5;3m +0ms[39m
[32m[Nest] 27066  - [39m12/31/2025, 10:19:54 AM [32m    LOG[39m [38;5;3m[RouterExplorer] [39m[32mMapped {/time-tracking/admin/clock-in, POST} route[39m[38;5;3m +1ms[39m
[32m[Nest] 27066  - [39m12/31/2025, 10:19:54 AM [32m    LOG[39m [38;5;3m[RouterExplorer] [39m[32mMapped {/time-tracking/admin/clock-out, POST} route[39m[38;5;3m +0ms[39m
[32m[Nest] 27066  - [39m12/31/2025, 10:19:54 AM [32m    LOG[39m [38;5;3m[RouterExplorer] [39m[32mMapped {/time-tracking/admin/status/:employeeId, GET} route[39m[38;5;3m +0ms[39m
[32m[Nest] 27066  - [39m12/31/2025, 10:19:54 AM [32m    LOG[39m [38;5;3m[RouterExplorer] [39m[32mMapped {/time-tracking/break/start, POST} route[39m[38;5;3m +0ms[39m
[32m[Nest] 27066  - [39m12/31/2025, 10:19:54 AM [32m    LOG[39m [38;5;3m[RouterExplorer] [39m[32mMapped {/time-tracking/break/end, POST} route[39m[38;5;3m +0ms[39m
[32m[Nest] 27066  - [39m12/31/2025, 10:19:54 AM [32m    LOG[39m [38;5;3m[RouterExplorer] [39m[32mMapped {/time-tracking/status, GET} route[39m[38;5;3m +0ms[39m
[32m[Nest] 27066  - [39m12/31/2025, 10:19:54 AM [32m    LOG[39m [38;5;3m[RouterExplorer] [39m[32mMapped {/time-tracking/timesheets, GET} route[39m[38;5;3m +0ms[39m
[32m[Nest] 27066  - [39m12/31/2025, 10:19:54 AM [32m    LOG[39m [38;5;3m[RouterExplorer] [39m[32mMapped {/time-tracking/timesheets/:id, PATCH} route[39m[38;5;3m +0ms[39m
[32m[Nest] 27066  - [39m12/31/2025, 10:19:54 AM [32m    LOG[39m [38;5;3m[RouterExplorer] [39m[32mMapped {/time-tracking/timesheets/:id, DELETE} route[39m[38;5;3m +0ms[39m
[32m[Nest] 27066  - [39m12/31/2025, 10:19:54 AM [32m    LOG[39m [38;5;3m[RouterExplorer] [39m[32mMapped {/time-tracking/timesheets/:id/restore, POST} route[39m[38;5;3m +0ms[39m
[32m[Nest] 27066  - [39m12/31/2025, 10:19:54 AM [32m    LOG[39m [38;5;3m[RoutesResolver] [39m[32mLeaveController {/leave}:[39m[38;5;3m +0ms[39m
[32m[Nest] 27066  - [39m12/31/2025, 10:19:54 AM [32m    LOG[39m [38;5;3m[RouterExplorer] [39m[32mMapped {/leave/types, POST} route[39m[38;5;3m +0ms[39m
[32m[Nest] 27066  - [39m12/31/2025, 10:19:54 AM [32m    LOG[39m [38;5;3m[RouterExplorer] [39m[32mMapped {/leave/calculate-hours, GET} route[39m[38;5;3m +0ms[39m
[32m[Nest] 27066  - [39m12/31/2025, 10:19:54 AM [32m    LOG[39m [38;5;3m[RouterExplorer] [39m[32mMapped {/leave/types/:businessId, GET} route[39m[38;5;3m +0ms[39m
[32m[Nest] 27066  - [39m12/31/2025, 10:19:54 AM [32m    LOG[39m [38;5;3m[RouterExplorer] [39m[32mMapped {/leave/types/:id, PUT} route[39m[38;5;3m +0ms[39m
[32m[Nest] 27066  - [39m12/31/2025, 10:19:54 AM [32m    LOG[39m [38;5;3m[RouterExplorer] [39m[32mMapped {/leave/balance, POST} route[39m[38;5;3m +0ms[39m
[32m[Nest] 27066  - [39m12/31/2025, 10:19:54 AM [32m    LOG[39m [38;5;3m[RouterExplorer] [39m[32mMapped {/leave/balance, GET} route[39m[38;5;3m +0ms[39m
[32m[Nest] 27066  - [39m12/31/2025, 10:19:54 AM [32m    LOG[39m [38;5;3m[RouterExplorer] [39m[32mMapped {/leave/request, POST} route[39m[38;5;3m +0ms[39m
[32m[Nest] 27066  - [39m12/31/2025, 10:19:54 AM [32m    LOG[39m [38;5;3m[RouterExplorer] [39m[32mMapped {/leave/requests, GET} route[39m[38;5;3m +0ms[39m
[32m[Nest] 27066  - [39m12/31/2025, 10:19:54 AM [32m    LOG[39m [38;5;3m[RouterExplorer] [39m[32mMapped {/leave/my-requests, GET} route[39m[38;5;3m +0ms[39m
[32m[Nest] 27066  - [39m12/31/2025, 10:19:54 AM [32m    LOG[39m [38;5;3m[RouterExplorer] [39m[32mMapped {/leave/requests/:id/status, PUT} route[39m[38;5;3m +0ms[39m
[32m[Nest] 27066  - [39m12/31/2025, 10:19:54 AM [32m    LOG[39m [38;5;3m[RouterExplorer] [39m[32mMapped {/leave/requests/:id, PUT} route[39m[38;5;3m +0ms[39m
[32m[Nest] 27066  - [39m12/31/2025, 10:19:54 AM [32m    LOG[39m [38;5;3m[RouterExplorer] [39m[32mMapped {/leave/accrue, POST} route[39m[38;5;3m +0ms[39m
[32m[Nest] 27066  - [39m12/31/2025, 10:19:54 AM [32m    LOG[39m [38;5;3m[RouterExplorer] [39m[32mMapped {/leave/accrue/payroll, POST} route[39m[38;5;3m +0ms[39m
[32m[Nest] 27066  - [39m12/31/2025, 10:19:54 AM [32m    LOG[39m [38;5;3m[RoutesResolver] [39m[32mLoansController {/loans}:[39m[38;5;3m +0ms[39m
[32m[Nest] 27066  - [39m12/31/2025, 10:19:54 AM [32m    LOG[39m [38;5;3m[RouterExplorer] [39m[32mMapped {/loans, POST} route[39m[38;5;3m +0ms[39m
[32m[Nest] 27066  - [39m12/31/2025, 10:19:54 AM [32m    LOG[39m [38;5;3m[RouterExplorer] [39m[32mMapped {/loans, GET} route[39m[38;5;3m +0ms[39m
[32m[Nest] 27066  - [39m12/31/2025, 10:19:54 AM [32m    LOG[39m [38;5;3m[RouterExplorer] [39m[32mMapped {/loans/my-loans, GET} route[39m[38;5;3m +0ms[39m
[32m[Nest] 27066  - [39m12/31/2025, 10:19:54 AM [32m    LOG[39m [38;5;3m[RouterExplorer] [39m[32mMapped {/loans/:id, GET} route[39m[38;5;3m +0ms[39m
[32m[Nest] 27066  - [39m12/31/2025, 10:19:54 AM [32m    LOG[39m [38;5;3m[RouterExplorer] [39m[32mMapped {/loans/:id/approve, PATCH} route[39m[38;5;3m +0ms[39m
[32m[Nest] 27066  - [39m12/31/2025, 10:19:54 AM [32m    LOG[39m [38;5;3m[RouterExplorer] [39m[32mMapped {/loans/:id/reject, PATCH} route[39m[38;5;3m +0ms[39m
[32m[Nest] 27066  - [39m12/31/2025, 10:19:54 AM [32m    LOG[39m [38;5;3m[RoutesResolver] [39m[32mInvoicesController {/invoices}:[39m[38;5;3m +1ms[39m
[32m[Nest] 27066  - [39m12/31/2025, 10:19:54 AM [32m    LOG[39m [38;5;3m[RouterExplorer] [39m[32mMapped {/invoices/clients, POST} route[39m[38;5;3m +0ms[39m
[32m[Nest] 27066  - [39m12/31/2025, 10:19:54 AM [32m    LOG[39m [38;5;3m[RouterExplorer] [39m[32mMapped {/invoices/clients, GET} route[39m[38;5;3m +0ms[39m
[32m[Nest] 27066  - [39m12/31/2025, 10:19:54 AM [32m    LOG[39m [38;5;3m[RouterExplorer] [39m[32mMapped {/invoices, POST} route[39m[38;5;3m +0ms[39m
[32m[Nest] 27066  - [39m12/31/2025, 10:19:54 AM [32m    LOG[39m [38;5;3m[RouterExplorer] [39m[32mMapped {/invoices/:id, PATCH} route[39m[38;5;3m +0ms[39m
[32m[Nest] 27066  - [39m12/31/2025, 10:19:54 AM [32m    LOG[39m [38;5;3m[RouterExplorer] [39m[32mMapped {/invoices/:id/send, POST} route[39m[38;5;3m +0ms[39m
[32m[Nest] 27066  - [39m12/31/2025, 10:19:54 AM [32m    LOG[39m [38;5;3m[RouterExplorer] [39m[32mMapped {/invoices, GET} route[39m[38;5;3m +0ms[39m
[32m[Nest] 27066  - [39m12/31/2025, 10:19:54 AM [32m    LOG[39m [38;5;3m[RouterExplorer] [39m[32mMapped {/invoices/client/:clientId, GET} route[39m[38;5;3m +0ms[39m
[32m[Nest] 27066  - [39m12/31/2025, 10:19:54 AM [32m    LOG[39m [38;5;3m[RouterExplorer] [39m[32mMapped {/invoices/:id, GET} route[39m[38;5;3m +0ms[39m
[32m[Nest] 27066  - [39m12/31/2025, 10:19:54 AM [32m    LOG[39m [38;5;3m[RoutesResolver] [39m[32mReportsController {/reports}:[39m[38;5;3m +0ms[39m
[32m[Nest] 27066  - [39m12/31/2025, 10:19:54 AM [32m    LOG[39m [38;5;3m[RouterExplorer] [39m[32mMapped {/reports/dashboard-stats, GET} route[39m[38;5;3m +0ms[39m
[32m[Nest] 27066  - [39m12/31/2025, 10:19:54 AM [32m    LOG[39m [38;5;3m[RouterExplorer] [39m[32mMapped {/reports/payroll-summary, GET} route[39m[38;5;3m +0ms[39m
[32m[Nest] 27066  - [39m12/31/2025, 10:19:54 AM [32m    LOG[39m [38;5;3m[RouterExplorer] [39m[32mMapped {/reports/labor-cost, GET} route[39m[38;5;3m +1ms[39m
[32m[Nest] 27066  - [39m12/31/2025, 10:19:54 AM [32m    LOG[39m [38;5;3m[RouterExplorer] [39m[32mMapped {/reports/attendance, GET} route[39m[38;5;3m +0ms[39m
[32m[Nest] 27066  - [39m12/31/2025, 10:19:54 AM [32m    LOG[39m [38;5;3m[RoutesResolver] [39m[32mAuditController {/audit}:[39m[38;5;3m +0ms[39m
[32m[Nest] 27066  - [39m12/31/2025, 10:19:54 AM [32m    LOG[39m [38;5;3m[RouterExplorer] [39m[32mMapped {/audit, GET} route[39m[38;5;3m +0ms[39m
[32m[Nest] 27066  - [39m12/31/2025, 10:19:54 AM [32m    LOG[39m [38;5;3m[RoutesResolver] [39m[32mEmployeesController {/employees}:[39m[38;5;3m +0ms[39m
[32m[Nest] 27066  - [39m12/31/2025, 10:19:54 AM [32m    LOG[39m [38;5;3m[RouterExplorer] [39m[32mMapped {/employees, GET} route[39m[38;5;3m +0ms[39m
[32m[Nest] 27066  - [39m12/31/2025, 10:19:54 AM [32m    LOG[39m [38;5;3m[RouterExplorer] [39m[32mMapped {/employees/qualifications/expiring, GET} route[39m[38;5;3m +0ms[39m
[32m[Nest] 27066  - [39m12/31/2025, 10:19:54 AM [32m    LOG[39m [38;5;3m[RouterExplorer] [39m[32mMapped {/employees/qualifications/all, GET} route[39m[38;5;3m +0ms[39m
[32m[Nest] 27066  - [39m12/31/2025, 10:19:54 AM [32m    LOG[39m [38;5;3m[RouterExplorer] [39m[32mMapped {/employees/availability/all, GET} route[39m[38;5;3m +0ms[39m
[32m[Nest] 27066  - [39m12/31/2025, 10:19:54 AM [32m    LOG[39m [38;5;3m[RouterExplorer] [39m[32mMapped {/employees/:id, GET} route[39m[38;5;3m +0ms[39m
[32m[Nest] 27066  - [39m12/31/2025, 10:19:54 AM [32m    LOG[39m [38;5;3m[RouterExplorer] [39m[32mMapped {/employees, POST} route[39m[38;5;3m +0ms[39m
[32m[Nest] 27066  - [39m12/31/2025, 10:19:54 AM [32m    LOG[39m [38;5;3m[RouterExplorer] [39m[32mMapped {/employees/:id, PATCH} route[39m[38;5;3m +0ms[39m
[32m[Nest] 27066  - [39m12/31/2025, 10:19:54 AM [32m    LOG[39m [38;5;3m[RouterExplorer] [39m[32mMapped {/employees/:id/password, PATCH} route[39m[38;5;3m +0ms[39m
[32m[Nest] 27066  - [39m12/31/2025, 10:19:54 AM [32m    LOG[39m [38;5;3m[RouterExplorer] [39m[32mMapped {/employees/:id/availability, GET} route[39m[38;5;3m +0ms[39m
[32m[Nest] 27066  - [39m12/31/2025, 10:19:54 AM [32m    LOG[39m [38;5;3m[RouterExplorer] [39m[32mMapped {/employees/:id/availability, POST} route[39m[38;5;3m +0ms[39m
[32m[Nest] 27066  - [39m12/31/2025, 10:19:54 AM [32m    LOG[39m [38;5;3m[RouterExplorer] [39m[32mMapped {/employees/:id/availability/:availabilityId, PATCH} route[39m[38;5;3m +0ms[39m
[32m[Nest] 27066  - [39m12/31/2025, 10:19:54 AM [32m    LOG[39m [38;5;3m[RouterExplorer] [39m[32mMapped {/employees/:id/availability/:availabilityId, DELETE} route[39m[38;5;3m +0ms[39m
[32m[Nest] 27066  - [39m12/31/2025, 10:19:54 AM [32m    LOG[39m [38;5;3m[RouterExplorer] [39m[32mMapped {/employees/:id/qualifications, GET} route[39m[38;5;3m +0ms[39m
[32m[Nest] 27066  - [39m12/31/2025, 10:19:54 AM [32m    LOG[39m [38;5;3m[RouterExplorer] [39m[32mMapped {/employees/:id/qualifications, POST} route[39m[38;5;3m +0ms[39m
[32m[Nest] 27066  - [39m12/31/2025, 10:19:54 AM [32m    LOG[39m [38;5;3m[RouterExplorer] [39m[32mMapped {/employees/:id/qualifications/:qualificationId, PATCH} route[39m[38;5;3m +0ms[39m
[32m[Nest] 27066  - [39m12/31/2025, 10:19:54 AM [32m    LOG[39m [38;5;3m[RouterExplorer] [39m[32mMapped {/employees/:id/qualifications/:qualificationId, DELETE} route[39m[38;5;3m +0ms[39m
[32m[Nest] 27066  - [39m12/31/2025, 10:19:54 AM [32m    LOG[39m [38;5;3m[RoutesResolver] [39m[32mBusinessesController {/businesses}:[39m[38;5;3m +0ms[39m
[32m[Nest] 27066  - [39m12/31/2025, 10:19:54 AM [32m    LOG[39m [38;5;3m[RouterExplorer] [39m[32mMapped {/businesses, POST} route[39m[38;5;3m +0ms[39m
[32m[Nest] 27066  - [39m12/31/2025, 10:19:54 AM [32m    LOG[39m [38;5;3m[RouterExplorer] [39m[32mMapped {/businesses, GET} route[39m[38;5;3m +0ms[39m
[32m[Nest] 27066  - [39m12/31/2025, 10:19:54 AM [32m    LOG[39m [38;5;3m[RouterExplorer] [39m[32mMapped {/businesses/mine, GET} route[39m[38;5;3m +0ms[39m
[32m[Nest] 27066  - [39m12/31/2025, 10:19:54 AM [32m    LOG[39m [38;5;3m[RouterExplorer] [39m[32mMapped {/businesses/:id, GET} route[39m[38;5;3m +0ms[39m
[32m[Nest] 27066  - [39m12/31/2025, 10:19:54 AM [32m    LOG[39m [38;5;3m[RouterExplorer] [39m[32mMapped {/businesses/:id, PATCH} route[39m[38;5;3m +0ms[39m
[32m[Nest] 27066  - [39m12/31/2025, 10:19:54 AM [32m    LOG[39m [38;5;3m[RoutesResolver] [39m[32mLocationsController {/locations}:[39m[38;5;3m +0ms[39m
[32m[Nest] 27066  - [39m12/31/2025, 10:19:54 AM [32m    LOG[39m [38;5;3m[RouterExplorer] [39m[32mMapped {/locations, POST} route[39m[38;5;3m +0ms[39m
[32m[Nest] 27066  - [39m12/31/2025, 10:19:54 AM [32m    LOG[39m [38;5;3m[RouterExplorer] [39m[32mMapped {/locations, GET} route[39m[38;5;3m +0ms[39m
[32m[Nest] 27066  - [39m12/31/2025, 10:19:54 AM [32m    LOG[39m [38;5;3m[RouterExplorer] [39m[32mMapped {/locations/:id, GET} route[39m[38;5;3m +0ms[39m
[32m[Nest] 27066  - [39m12/31/2025, 10:19:54 AM [32m    LOG[39m [38;5;3m[RouterExplorer] [39m[32mMapped {/locations/:id, PATCH} route[39m[38;5;3m +1ms[39m
[32m[Nest] 27066  - [39m12/31/2025, 10:19:54 AM [32m    LOG[39m [38;5;3m[RouterExplorer] [39m[32mMapped {/locations/:id, DELETE} route[39m[38;5;3m +0ms[39m
[32m[Nest] 27066  - [39m12/31/2025, 10:19:54 AM [32m    LOG[39m [38;5;3m[RoutesResolver] [39m[32mClientsController {/clients}:[39m[38;5;3m +0ms[39m
[32m[Nest] 27066  - [39m12/31/2025, 10:19:54 AM [32m    LOG[39m [38;5;3m[RouterExplorer] [39m[32mMapped {/clients, POST} route[39m[38;5;3m +0ms[39m
[32m[Nest] 27066  - [39m12/31/2025, 10:19:54 AM [32m    LOG[39m [38;5;3m[RouterExplorer] [39m[32mMapped {/clients, GET} route[39m[38;5;3m +0ms[39m
[32m[Nest] 27066  - [39m12/31/2025, 10:19:54 AM [32m    LOG[39m [38;5;3m[RouterExplorer] [39m[32mMapped {/clients/:id, GET} route[39m[38;5;3m +0ms[39m
[32m[Nest] 27066  - [39m12/31/2025, 10:19:54 AM [32m    LOG[39m [38;5;3m[RouterExplorer] [39m[32mMapped {/clients/:id, PATCH} route[39m[38;5;3m +0ms[39m
[32m[Nest] 27066  - [39m12/31/2025, 10:19:54 AM [32m    LOG[39m [38;5;3m[RouterExplorer] [39m[32mMapped {/clients/:id, DELETE} route[39m[38;5;3m +0ms[39m
[32m[Nest] 27066  - [39m12/31/2025, 10:19:54 AM [32m    LOG[39m [38;5;3m[RoutesResolver] [39m[32mServicePinsController {/service-pins}:[39m[38;5;3m +0ms[39m
[32m[Nest] 27066  - [39m12/31/2025, 10:19:54 AM [32m    LOG[39m [38;5;3m[RouterExplorer] [39m[32mMapped {/service-pins, POST} route[39m[38;5;3m +0ms[39m
[32m[Nest] 27066  - [39m12/31/2025, 10:19:54 AM [32m    LOG[39m [38;5;3m[RouterExplorer] [39m[32mMapped {/service-pins/location/:locationId, GET} route[39m[38;5;3m +0ms[39m
[32m[Nest] 27066  - [39m12/31/2025, 10:19:54 AM [32m    LOG[39m [38;5;3m[RouterExplorer] [39m[32mMapped {/service-pins/:id, GET} route[39m[38;5;3m +0ms[39m
[32m[Nest] 27066  - [39m12/31/2025, 10:19:54 AM [32m    LOG[39m [38;5;3m[RouterExplorer] [39m[32mMapped {/service-pins/:id, PATCH} route[39m[38;5;3m +0ms[39m
[32m[Nest] 27066  - [39m12/31/2025, 10:19:54 AM [32m    LOG[39m [38;5;3m[RouterExplorer] [39m[32mMapped {/service-pins/:id, DELETE} route[39m[38;5;3m +0ms[39m
[32m[Nest] 27066  - [39m12/31/2025, 10:19:54 AM [32m    LOG[39m [38;5;3m[RoutesResolver] [39m[32mPatrolLogsController {/patrol-logs}:[39m[38;5;3m +0ms[39m
[32m[Nest] 27066  - [39m12/31/2025, 10:19:54 AM [32m    LOG[39m [38;5;3m[RouterExplorer] [39m[32mMapped {/patrol-logs, POST} route[39m[38;5;3m +0ms[39m
[32m[Nest] 27066  - [39m12/31/2025, 10:19:54 AM [32m    LOG[39m [38;5;3m[RouterExplorer] [39m[32mMapped {/patrol-logs/pin/:servicePinId, GET} route[39m[38;5;3m +0ms[39m
[32m[Nest] 27066  - [39m12/31/2025, 10:19:54 AM [32m    LOG[39m [38;5;3m[RouterExplorer] [39m[32mMapped {/patrol-logs/location/:locationId, GET} route[39m[38;5;3m +0ms[39m
[32m[Nest] 27066  - [39m12/31/2025, 10:19:54 AM [32m    LOG[39m [38;5;3m[RouterExplorer] [39m[32mMapped {/patrol-logs, GET} route[39m[38;5;3m +0ms[39m
[32m[Nest] 27066  - [39m12/31/2025, 10:19:54 AM [32m    LOG[39m [38;5;3m[RoutesResolver] [39m[32mUploadsController {/uploads}:[39m[38;5;3m +0ms[39m
[32m[Nest] 27066  - [39m12/31/2025, 10:19:54 AM [32m    LOG[39m [38;5;3m[RouterExplorer] [39m[32mMapped {/uploads, POST} route[39m[38;5;3m +0ms[39m
[32m[Nest] 27066  - [39m12/31/2025, 10:19:54 AM [32m    LOG[39m [38;5;3m[RouterExplorer] [39m[32mMapped {/uploads/:filename, GET} route[39m[38;5;3m +0ms[39m
[32m[Nest] 27066  - [39m12/31/2025, 10:19:54 AM [32m    LOG[39m [38;5;3m[RoutesResolver] [39m[32mDepartmentsController {/departments}:[39m[38;5;3m +0ms[39m
[32m[Nest] 27066  - [39m12/31/2025, 10:19:54 AM [32m    LOG[39m [38;5;3m[RouterExplorer] [39m[32mMapped {/departments, POST} route[39m[38;5;3m +0ms[39m
[32m[Nest] 27066  - [39m12/31/2025, 10:19:54 AM [32m    LOG[39m [38;5;3m[RouterExplorer] [39m[32mMapped {/departments, GET} route[39m[38;5;3m +0ms[39m
[32m[Nest] 27066  - [39m12/31/2025, 10:19:54 AM [32m    LOG[39m [38;5;3m[RouterExplorer] [39m[32mMapped {/departments/:id, GET} route[39m[38;5;3m +0ms[39m
[32m[Nest] 27066  - [39m12/31/2025, 10:19:54 AM [32m    LOG[39m [38;5;3m[RouterExplorer] [39m[32mMapped {/departments/:id/members, GET} route[39m[38;5;3m +0ms[39m
[32m[Nest] 27066  - [39m12/31/2025, 10:19:54 AM [32m    LOG[39m [38;5;3m[RouterExplorer] [39m[32mMapped {/departments/:id/members, POST} route[39m[38;5;3m +0ms[39m
[32m[Nest] 27066  - [39m12/31/2025, 10:19:54 AM [32m    LOG[39m [38;5;3m[RouterExplorer] [39m[32mMapped {/departments/:id/members/:employeeId, DELETE} route[39m[38;5;3m +0ms[39m
[32m[Nest] 27066  - [39m12/31/2025, 10:19:54 AM [32m    LOG[39m [38;5;3m[RouterExplorer] [39m[32mMapped {/departments/:id/manager, POST} route[39m[38;5;3m +0ms[39m
[32m[Nest] 27066  - [39m12/31/2025, 10:19:54 AM [32m    LOG[39m [38;5;3m[RouterExplorer] [39m[32mMapped {/departments/:id/manager, DELETE} route[39m[38;5;3m +0ms[39m
[32m[Nest] 27066  - [39m12/31/2025, 10:19:54 AM [32m    LOG[39m [38;5;3m[RouterExplorer] [39m[32mMapped {/departments/:id, PATCH} route[39m[38;5;3m +0ms[39m
[32m[Nest] 27066  - [39m12/31/2025, 10:19:54 AM [32m    LOG[39m [38;5;3m[RouterExplorer] [39m[32mMapped {/departments/:id, DELETE} route[39m[38;5;3m +0ms[39m
[32m[Nest] 27066  - [39m12/31/2025, 10:19:54 AM [32m    LOG[39m [38;5;3m[RoutesResolver] [39m[32mRolesController {/roles}:[39m[38;5;3m +0ms[39m
[32m[Nest] 27066  - [39m12/31/2025, 10:19:54 AM [32m    LOG[39m [38;5;3m[RouterExplorer] [39m[32mMapped {/roles, POST} route[39m[38;5;3m +0ms[39m
[32m[Nest] 27066  - [39m12/31/2025, 10:19:54 AM [32m    LOG[39m [38;5;3m[RouterExplorer] [39m[32mMapped {/roles, GET} route[39m[38;5;3m +0ms[39m
[32m[Nest] 27066  - [39m12/31/2025, 10:19:54 AM [32m    LOG[39m [38;5;3m[RouterExplorer] [39m[32mMapped {/roles/:id, GET} route[39m[38;5;3m +0ms[39m
[32m[Nest] 27066  - [39m12/31/2025, 10:19:54 AM [32m    LOG[39m [38;5;3m[RouterExplorer] [39m[32mMapped {/roles/:id/members, GET} route[39m[38;5;3m +0ms[39m
[32m[Nest] 27066  - [39m12/31/2025, 10:19:54 AM [32m    LOG[39m [38;5;3m[RouterExplorer] [39m[32mMapped {/roles/:id/members, POST} route[39m[38;5;3m +0ms[39m
[32m[Nest] 27066  - [39m12/31/2025, 10:19:54 AM [32m    LOG[39m [38;5;3m[RouterExplorer] [39m[32mMapped {/roles/:id/members/:employeeId, DELETE} route[39m[38;5;3m +1ms[39m
[32m[Nest] 27066  - [39m12/31/2025, 10:19:54 AM [32m    LOG[39m [38;5;3m[RouterExplorer] [39m[32mMapped {/roles/:id, PATCH} route[39m[38;5;3m +0ms[39m
[32m[Nest] 27066  - [39m12/31/2025, 10:19:54 AM [32m    LOG[39m [38;5;3m[RouterExplorer] [39m[32mMapped {/roles/:id, DELETE} route[39m[38;5;3m +0ms[39m
[32m[Nest] 27066  - [39m12/31/2025, 10:19:54 AM [32m    LOG[39m [38;5;3m[RoutesResolver] [39m[32mAnnouncementsController {/announcements}:[39m[38;5;3m +0ms[39m
[32m[Nest] 27066  - [39m12/31/2025, 10:19:54 AM [32m    LOG[39m [38;5;3m[RouterExplorer] [39m[32mMapped {/announcements, POST} route[39m[38;5;3m +0ms[39m
[32m[Nest] 27066  - [39m12/31/2025, 10:19:54 AM [32m    LOG[39m [38;5;3m[RouterExplorer] [39m[32mMapped {/announcements, GET} route[39m[38;5;3m +0ms[39m
[32m[Nest] 27066  - [39m12/31/2025, 10:19:54 AM [32m    LOG[39m [38;5;3m[RouterExplorer] [39m[32mMapped {/announcements/:id, PATCH} route[39m[38;5;3m +0ms[39m
[32m[Nest] 27066  - [39m12/31/2025, 10:19:54 AM [32m    LOG[39m [38;5;3m[RouterExplorer] [39m[32mMapped {/announcements/:id/read, POST} route[39m[38;5;3m +0ms[39m
[32m[Nest] 27066  - [39m12/31/2025, 10:19:54 AM [32m    LOG[39m [38;5;3m[RouterExplorer] [39m[32mMapped {/announcements/:id, DELETE} route[39m[38;5;3m +0ms[39m
[32m[Nest] 27066  - [39m12/31/2025, 10:19:54 AM [32m    LOG[39m [38;5;3m[RoutesResolver] [39m[32mEmailCampaignsController {/email-campaigns}:[39m[38;5;3m +0ms[39m
[32m[Nest] 27066  - [39m12/31/2025, 10:19:54 AM [32m    LOG[39m [38;5;3m[RouterExplorer] [39m[32mMapped {/email-campaigns, POST} route[39m[38;5;3m +0ms[39m
[32m[Nest] 27066  - [39m12/31/2025, 10:19:54 AM [32m    LOG[39m [38;5;3m[RouterExplorer] [39m[32mMapped {/email-campaigns, GET} route[39m[38;5;3m +0ms[39m
[32m[Nest] 27066  - [39m12/31/2025, 10:19:54 AM [32m    LOG[39m [38;5;3m[RouterExplorer] [39m[32mMapped {/email-campaigns/:id, GET} route[39m[38;5;3m +0ms[39m
[32m[Nest] 27066  - [39m12/31/2025, 10:19:54 AM [32m    LOG[39m [38;5;3m[RouterExplorer] [39m[32mMapped {/email-campaigns/:id/send, POST} route[39m[38;5;3m +0ms[39m
[32m[Nest] 27066  - [39m12/31/2025, 10:19:54 AM [32m    LOG[39m [38;5;3m[RouterExplorer] [39m[32mMapped {/email-campaigns/:id, DELETE} route[39m[38;5;3m +0ms[39m
[32m[Nest] 27066  - [39m12/31/2025, 10:19:54 AM [32m    LOG[39m [38;5;3m[RoutesResolver] [39m[32mEmailTemplatesController {/email-templates}:[39m[38;5;3m +0ms[39m
[32m[Nest] 27066  - [39m12/31/2025, 10:19:54 AM [32m    LOG[39m [38;5;3m[RouterExplorer] [39m[32mMapped {/email-templates, POST} route[39m[38;5;3m +0ms[39m
[32m[Nest] 27066  - [39m12/31/2025, 10:19:54 AM [32m    LOG[39m [38;5;3m[RouterExplorer] [39m[32mMapped {/email-templates, GET} route[39m[38;5;3m +0ms[39m
[32m[Nest] 27066  - [39m12/31/2025, 10:19:54 AM [32m    LOG[39m [38;5;3m[RouterExplorer] [39m[32mMapped {/email-templates/:id, GET} route[39m[38;5;3m +0ms[39m
[32m[Nest] 27066  - [39m12/31/2025, 10:19:54 AM [32m    LOG[39m [38;5;3m[RouterExplorer] [39m[32mMapped {/email-templates/:id, PATCH} route[39m[38;5;3m +0ms[39m
[32m[Nest] 27066  - [39m12/31/2025, 10:19:54 AM [32m    LOG[39m [38;5;3m[RouterExplorer] [39m[32mMapped {/email-templates/:id, DELETE} route[39m[38;5;3m +0ms[39m
[32m[Nest] 27066  - [39m12/31/2025, 10:19:54 AM [32m    LOG[39m [38;5;3m[RoutesResolver] [39m[32mIncidentReportsController {/incident-reports}:[39m[38;5;3m +0ms[39m
[32m[Nest] 27066  - [39m12/31/2025, 10:19:54 AM [32m    LOG[39m [38;5;3m[RouterExplorer] [39m[32mMapped {/incident-reports, POST} route[39m[38;5;3m +0ms[39m
[32m[Nest] 27066  - [39m12/31/2025, 10:19:54 AM [32m    LOG[39m [38;5;3m[RouterExplorer] [39m[32mMapped {/incident-reports, GET} route[39m[38;5;3m +0ms[39m
[32m[Nest] 27066  - [39m12/31/2025, 10:19:54 AM [32m    LOG[39m [38;5;3m[RouterExplorer] [39m[32mMapped {/incident-reports/:id, GET} route[39m[38;5;3m +0ms[39m
[32m[Nest] 27066  - [39m12/31/2025, 10:19:54 AM [32m    LOG[39m [38;5;3m[RouterExplorer] [39m[32mMapped {/incident-reports/:id, PATCH} route[39m[38;5;3m +0ms[39m
[32m[Nest] 27066  - [39m12/31/2025, 10:19:54 AM [32m    LOG[39m [38;5;3m[RouterExplorer] [39m[32mMapped {/incident-reports/:id, DELETE} route[39m[38;5;3m +0ms[39m
[32m[Nest] 27066  - [39m12/31/2025, 10:19:54 AM [32m    LOG[39m [38;5;3m[RoutesResolver] [39m[32mAssetsController {/assets}:[39m[38;5;3m +0ms[39m
[32m[Nest] 27066  - [39m12/31/2025, 10:19:54 AM [32m    LOG[39m [38;5;3m[RouterExplorer] [39m[32mMapped {/assets, POST} route[39m[38;5;3m +0ms[39m
[32m[Nest] 27066  - [39m12/31/2025, 10:19:54 AM [32m    LOG[39m [38;5;3m[RouterExplorer] [39m[32mMapped {/assets/:id/assign, POST} route[39m[38;5;3m +0ms[39m
[32m[Nest] 27066  - [39m12/31/2025, 10:19:54 AM [32m    LOG[39m [38;5;3m[RouterExplorer] [39m[32mMapped {/assets/:id/return, POST} route[39m[38;5;3m +0ms[39m
[32m[Nest] 27066  - [39m12/31/2025, 10:19:54 AM [32m    LOG[39m [38;5;3m[RouterExplorer] [39m[32mMapped {/assets/:id/history, GET} route[39m[38;5;3m +0ms[39m
[32m[Nest] 27066  - [39m12/31/2025, 10:19:54 AM [32m    LOG[39m [38;5;3m[RouterExplorer] [39m[32mMapped {/assets, GET} route[39m[38;5;3m +0ms[39m
[32m[Nest] 27066  - [39m12/31/2025, 10:19:54 AM [32m    LOG[39m [38;5;3m[RouterExplorer] [39m[32mMapped {/assets/:id, GET} route[39m[38;5;3m +0ms[39m
[32m[Nest] 27066  - [39m12/31/2025, 10:19:54 AM [32m    LOG[39m [38;5;3m[RouterExplorer] [39m[32mMapped {/assets/:id, PATCH} route[39m[38;5;3m +0ms[39m
[32m[Nest] 27066  - [39m12/31/2025, 10:19:54 AM [32m    LOG[39m [38;5;3m[RouterExplorer] [39m[32mMapped {/assets/:id, DELETE} route[39m[38;5;3m +0ms[39m
[32m[Nest] 27066  - [39m12/31/2025, 10:19:54 AM [32m    LOG[39m [38;5;3m[RoutesResolver] [39m[32mPaymentsController {/payments}:[39m[38;5;3m +0ms[39m
[32m[Nest] 27066  - [39m12/31/2025, 10:19:54 AM [32m    LOG[39m [38;5;3m[RouterExplorer] [39m[32mMapped {/payments, POST} route[39m[38;5;3m +0ms[39m
[32m[Nest] 27066  - [39m12/31/2025, 10:19:54 AM [32m    LOG[39m [38;5;3m[RouterExplorer] [39m[32mMapped {/payments, GET} route[39m[38;5;3m +0ms[39m
[32m[Nest] 27066  - [39m12/31/2025, 10:19:54 AM [32m    LOG[39m [38;5;3m[RouterExplorer] [39m[32mMapped {/payments/:id, GET} route[39m[38;5;3m +0ms[39m
[32m[Nest] 27066  - [39m12/31/2025, 10:19:54 AM [32m    LOG[39m [38;5;3m[NestApplication] [39m[32mNest application successfully started[39m[38;5;3m +16ms[39m
Application is running on: http://localhost:3002
AUTH validateUser email= superadmin@unitedlinksecurity.com found= true
AUTH bcrypt.compare ok= true
Checking employee record for user: c45f92d4-b1c5-4331-bcfe-816b511ffe33
Employee record found: false
AUTH validateUser email= superadmin@unitedlinksecurity.com found= true
AUTH bcrypt.compare ok= true
Checking employee record for user: c45f92d4-b1c5-4331-bcfe-816b511ffe33
Employee record found: false
AUTH validateUser email= superadmin@unitedlinksecurity.com found= true
AUTH bcrypt.compare ok= false
AUTH validateUser email= superadmin@unitedlinksecurity.com found= true
AUTH bcrypt.compare ok= true
Checking employee record for user: c45f92d4-b1c5-4331-bcfe-816b511ffe33
Employee record found: false
AUTH validateUser email= superadmin@unitedlinksecurity.com found= true
AUTH bcrypt.compare ok= true
Checking employee record for user: c45f92d4-b1c5-4331-bcfe-816b511ffe33
Employee record found: false
[2J[3J[H[[90m10:43:27 AM[0m] File change detected. Starting incremental compilation...

[[90m10:43:28 AM[0m] Found 0 errors. Watching for file changes.

[32m[Nest] 45966  - [39m12/31/2025, 10:43:28 AM [32m    LOG[39m [38;5;3m[NestFactory] [39m[32mStarting Nest application...[39m
[32m[Nest] 45966  - [39m12/31/2025, 10:43:28 AM [32m    LOG[39m [38;5;3m[InstanceLoader] [39m[32mPassportModule dependencies initialized[39m[38;5;3m +38ms[39m
[32m[Nest] 45966  - [39m12/31/2025, 10:43:29 AM [32m    LOG[39m [38;5;3m[InstanceLoader] [39m[32mConfigHostModule dependencies initialized[39m[38;5;3m +44ms[39m
[32m[Nest] 45966  - [39m12/31/2025, 10:43:29 AM [32m    LOG[39m [38;5;3m[InstanceLoader] [39m[32mThrottlerModule dependencies initialized[39m[38;5;3m +0ms[39m
[32m[Nest] 45966  - [39m12/31/2025, 10:43:29 AM [32m    LOG[39m [38;5;3m[InstanceLoader] [39m[32mUsersModule dependencies initialized[39m[38;5;3m +0ms[39m
[32m[Nest] 45966  - [39m12/31/2025, 10:43:29 AM [32m    LOG[39m [38;5;3m[InstanceLoader] [39m[32mDiscoveryModule dependencies initialized[39m[38;5;3m +0ms[39m
[32m[Nest] 45966  - [39m12/31/2025, 10:43:29 AM [32m    LOG[39m [38;5;3m[InstanceLoader] [39m[32mConfigModule dependencies initialized[39m[38;5;3m +1ms[39m
[32m[Nest] 45966  - [39m12/31/2025, 10:43:29 AM [32m    LOG[39m [38;5;3m[InstanceLoader] [39m[32mConfigModule dependencies initialized[39m[38;5;3m +0ms[39m
[32m[Nest] 45966  - [39m12/31/2025, 10:43:29 AM [32m    LOG[39m [38;5;3m[InstanceLoader] [39m[32mScheduleModule dependencies initialized[39m[38;5;3m +0ms[39m
[32m[Nest] 45966  - [39m12/31/2025, 10:43:29 AM [32m    LOG[39m [38;5;3m[InstanceLoader] [39m[32mJwtModule dependencies initialized[39m[38;5;3m +1ms[39m
[32m[Nest] 45966  - [39m12/31/2025, 10:43:29 AM [32m    LOG[39m [38;5;3m[InstanceLoader] [39m[32mJwtModule dependencies initialized[39m[38;5;3m +0ms[39m
[32m[Nest] 45966  - [39m12/31/2025, 10:43:29 AM [32m    LOG[39m [38;5;3m[InstanceLoader] [39m[32mUploadsModule dependencies initialized[39m[38;5;3m +0ms[39m
[32m[Nest] 45966  - [39m12/31/2025, 10:43:29 AM [32m    LOG[39m [38;5;3m[InstanceLoader] [39m[32mAppModule dependencies initialized[39m[38;5;3m +0ms[39m
[32m[Nest] 45966  - [39m12/31/2025, 10:43:29 AM [32m    LOG[39m [38;5;3m[InstanceLoader] [39m[32mAuditModule dependencies initialized[39m[38;5;3m +0ms[39m
[32m[Nest] 45966  - [39m12/31/2025, 10:43:29 AM [32m    LOG[39m [38;5;3m[InstanceLoader] [39m[32mPushModule dependencies initialized[39m[38;5;3m +0ms[39m
[32m[Nest] 45966  - [39m12/31/2025, 10:43:29 AM [32m    LOG[39m [38;5;3m[InstanceLoader] [39m[32mTimeTrackingModule dependencies initialized[39m[38;5;3m +0ms[39m
[32m[Nest] 45966  - [39m12/31/2025, 10:43:29 AM [32m    LOG[39m [38;5;3m[InstanceLoader] [39m[32mLeaveModule dependencies initialized[39m[38;5;3m +0ms[39m
[32m[Nest] 45966  - [39m12/31/2025, 10:43:29 AM [32m    LOG[39m [38;5;3m[InstanceLoader] [39m[32mLoansModule dependencies initialized[39m[38;5;3m +0ms[39m
[32m[Nest] 45966  - [39m12/31/2025, 10:43:29 AM [32m    LOG[39m [38;5;3m[InstanceLoader] [39m[32mInvoicesModule dependencies initialized[39m[38;5;3m +0ms[39m
[32m[Nest] 45966  - [39m12/31/2025, 10:43:29 AM [32m    LOG[39m [38;5;3m[InstanceLoader] [39m[32mReportsModule dependencies initialized[39m[38;5;3m +0ms[39m
[32m[Nest] 45966  - [39m12/31/2025, 10:43:29 AM [32m    LOG[39m [38;5;3m[InstanceLoader] [39m[32mBusinessesModule dependencies initialized[39m[38;5;3m +0ms[39m
[32m[Nest] 45966  - [39m12/31/2025, 10:43:29 AM [32m    LOG[39m [38;5;3m[InstanceLoader] [39m[32mLocationsModule dependencies initialized[39m[38;5;3m +0ms[39m
[32m[Nest] 45966  - [39m12/31/2025, 10:43:29 AM [32m    LOG[39m [38;5;3m[InstanceLoader] [39m[32mClientsModule dependencies initialized[39m[38;5;3m +0ms[39m
[32m[Nest] 45966  - [39m12/31/2025, 10:43:29 AM [32m    LOG[39m [38;5;3m[InstanceLoader] [39m[32mServicePinsModule dependencies initialized[39m[38;5;3m +0ms[39m
[32m[Nest] 45966  - [39m12/31/2025, 10:43:29 AM [32m    LOG[39m [38;5;3m[InstanceLoader] [39m[32mPatrolLogsModule dependencies initialized[39m[38;5;3m +0ms[39m
[32m[Nest] 45966  - [39m12/31/2025, 10:43:29 AM [32m    LOG[39m [38;5;3m[InstanceLoader] [39m[32mIncidentReportsModule dependencies initialized[39m[38;5;3m +0ms[39m
[32m[Nest] 45966  - [39m12/31/2025, 10:43:29 AM [32m    LOG[39m [38;5;3m[InstanceLoader] [39m[32mAssetsModule dependencies initialized[39m[38;5;3m +0ms[39m
[32m[Nest] 45966  - [39m12/31/2025, 10:43:29 AM [32m    LOG[39m [38;5;3m[InstanceLoader] [39m[32mPaymentsModule dependencies initialized[39m[38;5;3m +0ms[39m
[32m[Nest] 45966  - [39m12/31/2025, 10:43:29 AM [32m    LOG[39m [38;5;3m[InstanceLoader] [39m[32mDepartmentsModule dependencies initialized[39m[38;5;3m +0ms[39m
[32m[Nest] 45966  - [39m12/31/2025, 10:43:29 AM [32m    LOG[39m [38;5;3m[InstanceLoader] [39m[32mRolesModule dependencies initialized[39m[38;5;3m +0ms[39m
[32m[Nest] 45966  - [39m12/31/2025, 10:43:29 AM [32m    LOG[39m [38;5;3m[InstanceLoader] [39m[32mAnnouncementsModule dependencies initialized[39m[38;5;3m +0ms[39m
[32m[Nest] 45966  - [39m12/31/2025, 10:43:29 AM [32m    LOG[39m [38;5;3m[InstanceLoader] [39m[32mEmailTemplatesModule dependencies initialized[39m[38;5;3m +0ms[39m
[32m[Nest] 45966  - [39m12/31/2025, 10:43:29 AM [32m    LOG[39m [38;5;3m[InstanceLoader] [39m[32mNotificationsModule dependencies initialized[39m[38;5;3m +0ms[39m
[32m[Nest] 45966  - [39m12/31/2025, 10:43:29 AM [32m    LOG[39m [38;5;3m[InstanceLoader] [39m[32mEmailCampaignsModule dependencies initialized[39m[38;5;3m +0ms[39m
[32m[Nest] 45966  - [39m12/31/2025, 10:43:29 AM [32m    LOG[39m [38;5;3m[InstanceLoader] [39m[32mPayrollModule dependencies initialized[39m[38;5;3m +0ms[39m
[32m[Nest] 45966  - [39m12/31/2025, 10:43:29 AM [32m    LOG[39m [38;5;3m[InstanceLoader] [39m[32mEmployeesModule dependencies initialized[39m[38;5;3m +0ms[39m
[32m[Nest] 45966  - [39m12/31/2025, 10:43:29 AM [32m    LOG[39m [38;5;3m[InstanceLoader] [39m[32mSchedulingModule dependencies initialized[39m[38;5;3m +1ms[39m
[32m[Nest] 45966  - [39m12/31/2025, 10:43:29 AM [32m    LOG[39m [38;5;3m[InstanceLoader] [39m[32mAuthModule dependencies initialized[39m[38;5;3m +0ms[39m
[32m[Nest] 45966  - [39m12/31/2025, 10:43:29 AM [32m    LOG[39m [38;5;3m[RoutesResolver] [39m[32mAppController {/}:[39m[38;5;3m +1ms[39m
[32m[Nest] 45966  - [39m12/31/2025, 10:43:29 AM [32m    LOG[39m [38;5;3m[RouterExplorer] [39m[32mMapped {/, GET} route[39m[38;5;3m +1ms[39m
[32m[Nest] 45966  - [39m12/31/2025, 10:43:29 AM [32m    LOG[39m [38;5;3m[RouterExplorer] [39m[32mMapped {/businesses, GET} route[39m[38;5;3m +0ms[39m
[32m[Nest] 45966  - [39m12/31/2025, 10:43:29 AM [32m    LOG[39m [38;5;3m[RoutesResolver] [39m[32mAuthController {/auth}:[39m[38;5;3m +0ms[39m
[32m[Nest] 45966  - [39m12/31/2025, 10:43:29 AM [32m    LOG[39m [38;5;3m[RouterExplorer] [39m[32mMapped {/auth/login, POST} route[39m[38;5;3m +1ms[39m
[32m[Nest] 45966  - [39m12/31/2025, 10:43:29 AM [32m    LOG[39m [38;5;3m[RouterExplorer] [39m[32mMapped {/auth/register, POST} route[39m[38;5;3m +0ms[39m
[32m[Nest] 45966  - [39m12/31/2025, 10:43:29 AM [32m    LOG[39m [38;5;3m[RouterExplorer] [39m[32mMapped {/auth/profile, GET} route[39m[38;5;3m +0ms[39m
[32m[Nest] 45966  - [39m12/31/2025, 10:43:29 AM [32m    LOG[39m [38;5;3m[RoutesResolver] [39m[32mPayrollController {/payroll}:[39m[38;5;3m +0ms[39m
[32m[Nest] 45966  - [39m12/31/2025, 10:43:29 AM [32m    LOG[39m [38;5;3m[RouterExplorer] [39m[32mMapped {/payroll/create, POST} route[39m[38;5;3m +0ms[39m
[32m[Nest] 45966  - [39m12/31/2025, 10:43:29 AM [32m    LOG[39m [38;5;3m[RouterExplorer] [39m[32mMapped {/payroll/:id/calculate, POST} route[39m[38;5;3m +0ms[39m
[32m[Nest] 45966  - [39m12/31/2025, 10:43:29 AM [32m    LOG[39m [38;5;3m[RouterExplorer] [39m[32mMapped {/payroll/:id/finalize, POST} route[39m[38;5;3m +0ms[39m
[32m[Nest] 45966  - [39m12/31/2025, 10:43:29 AM [32m    LOG[39m [38;5;3m[RouterExplorer] [39m[32mMapped {/payroll/:id, DELETE} route[39m[38;5;3m +1ms[39m
[32m[Nest] 45966  - [39m12/31/2025, 10:43:29 AM [32m    LOG[39m [38;5;3m[RouterExplorer] [39m[32mMapped {/payroll/paystub/:id, PATCH} route[39m[38;5;3m +0ms[39m
[32m[Nest] 45966  - [39m12/31/2025, 10:43:29 AM [32m    LOG[39m [38;5;3m[RouterExplorer] [39m[32mMapped {/payroll/paystubs, GET} route[39m[38;5;3m +0ms[39m
[32m[Nest] 45966  - [39m12/31/2025, 10:43:29 AM [32m    LOG[39m [38;5;3m[RouterExplorer] [39m[32mMapped {/payroll/my-paystubs, GET} route[39m[38;5;3m +0ms[39m
[32m[Nest] 45966  - [39m12/31/2025, 10:43:29 AM [32m    LOG[39m [38;5;3m[RouterExplorer] [39m[32mMapped {/payroll, GET} route[39m[38;5;3m +0ms[39m
[32m[Nest] 45966  - [39m12/31/2025, 10:43:29 AM [32m    LOG[39m [38;5;3m[RouterExplorer] [39m[32mMapped {/payroll/:id, GET} route[39m[38;5;3m +0ms[39m
[32m[Nest] 45966  - [39m12/31/2025, 10:43:29 AM [32m    LOG[39m [38;5;3m[RouterExplorer] [39m[32mMapped {/payroll/business/:businessId, GET} route[39m[38;5;3m +0ms[39m
[32m[Nest] 45966  - [39m12/31/2025, 10:43:29 AM [32m    LOG[39m [38;5;3m[RouterExplorer] [39m[32mMapped {/payroll/report/year-end, GET} route[39m[38;5;3m +0ms[39m
[32m[Nest] 45966  - [39m12/31/2025, 10:43:29 AM [32m    LOG[39m [38;5;3m[RouterExplorer] [39m[32mMapped {/payroll/report/annual, GET} route[39m[38;5;3m +0ms[39m
[32m[Nest] 45966  - [39m12/31/2025, 10:43:29 AM [32m    LOG[39m [38;5;3m[RoutesResolver] [39m[32mSchedulingController {/scheduling}:[39m[38;5;3m +0ms[39m
[32m[Nest] 45966  - [39m12/31/2025, 10:43:29 AM [32m    LOG[39m [38;5;3m[RouterExplorer] [39m[32mMapped {/scheduling/shifts, POST} route[39m[38;5;3m +0ms[39m
[32m[Nest] 45966  - [39m12/31/2025, 10:43:29 AM [32m    LOG[39m [38;5;3m[RouterExplorer] [39m[32mMapped {/scheduling/shifts, GET} route[39m[38;5;3m +0ms[39m
[32m[Nest] 45966  - [39m12/31/2025, 10:43:29 AM [32m    LOG[39m [38;5;3m[RouterExplorer] [39m[32mMapped {/scheduling/my, GET} route[39m[38;5;3m +0ms[39m
[32m[Nest] 45966  - [39m12/31/2025, 10:43:29 AM [32m    LOG[39m [38;5;3m[RouterExplorer] [39m[32mMapped {/scheduling/my-peers, GET} route[39m[38;5;3m +0ms[39m
[32m[Nest] 45966  - [39m12/31/2025, 10:43:29 AM [32m    LOG[39m [38;5;3m[RouterExplorer] [39m[32mMapped {/scheduling/shifts/:id/apply, POST} route[39m[38;5;3m +0ms[39m
[32m[Nest] 45966  - [39m12/31/2025, 10:43:29 AM [32m    LOG[39m [38;5;3m[RouterExplorer] [39m[32mMapped {/scheduling/applications/:id/approve, POST} route[39m[38;5;3m +0ms[39m
[32m[Nest] 45966  - [39m12/31/2025, 10:43:29 AM [32m    LOG[39m [38;5;3m[RouterExplorer] [39m[32mMapped {/scheduling/applications/:id/decline, POST} route[39m[38;5;3m +0ms[39m
[32m[Nest] 45966  - [39m12/31/2025, 10:43:29 AM [32m    LOG[39m [38;5;3m[RouterExplorer] [39m[32mMapped {/scheduling/shifts/:id, PUT} route[39m[38;5;3m +0ms[39m
[32m[Nest] 45966  - [39m12/31/2025, 10:43:29 AM [32m    LOG[39m [38;5;3m[RouterExplorer] [39m[32mMapped {/scheduling/shifts/:id, DELETE} route[39m[38;5;3m +0ms[39m
[32m[Nest] 45966  - [39m12/31/2025, 10:43:29 AM [32m    LOG[39m [38;5;3m[RouterExplorer] [39m[32mMapped {/scheduling/shifts/publish, POST} route[39m[38;5;3m +1ms[39m
[32m[Nest] 45966  - [39m12/31/2025, 10:43:29 AM [32m    LOG[39m [38;5;3m[RoutesResolver] [39m[32mNotificationsController {/notifications}:[39m[38;5;3m +0ms[39m
[32m[Nest] 45966  - [39m12/31/2025, 10:43:29 AM [32m    LOG[39m [38;5;3m[RouterExplorer] [39m[32mMapped {/notifications, GET} route[39m[38;5;3m +0ms[39m
[32m[Nest] 45966  - [39m12/31/2025, 10:43:29 AM [32m    LOG[39m [38;5;3m[RouterExplorer] [39m[32mMapped {/notifications/conversation/:employeeId, GET} route[39m[38;5;3m +0ms[39m
[32m[Nest] 45966  - [39m12/31/2025, 10:43:29 AM [32m    LOG[39m [38;5;3m[RouterExplorer] [39m[32mMapped {/notifications/conversation, POST} route[39m[38;5;3m +0ms[39m
[32m[Nest] 45966  - [39m12/31/2025, 10:43:29 AM [32m    LOG[39m [38;5;3m[RouterExplorer] [39m[32mMapped {/notifications/:id/read, PATCH} route[39m[38;5;3m +0ms[39m
[32m[Nest] 45966  - [39m12/31/2025, 10:43:29 AM [32m    LOG[39m [38;5;3m[RouterExplorer] [39m[32mMapped {/notifications/read-all, PATCH} route[39m[38;5;3m +0ms[39m
[32m[Nest] 45966  - [39m12/31/2025, 10:43:29 AM [32m    LOG[39m [38;5;3m[RouterExplorer] [39m[32mMapped {/notifications/:id, DELETE} route[39m[38;5;3m +0ms[39m
[32m[Nest] 45966  - [39m12/31/2025, 10:43:29 AM [32m    LOG[39m [38;5;3m[RouterExplorer] [39m[32mMapped {/notifications/stream, GET} route[39m[38;5;3m +0ms[39m
[32m[Nest] 45966  - [39m12/31/2025, 10:43:29 AM [32m    LOG[39m [38;5;3m[RoutesResolver] [39m[32mPushController {/push}:[39m[38;5;3m +0ms[39m
[32m[Nest] 45966  - [39m12/31/2025, 10:43:29 AM [32m    LOG[39m [38;5;3m[RouterExplorer] [39m[32mMapped {/push/register, POST} route[39m[38;5;3m +0ms[39m
[32m[Nest] 45966  - [39m12/31/2025, 10:43:29 AM [32m    LOG[39m [38;5;3m[RouterExplorer] [39m[32mMapped {/push/register, DELETE} route[39m[38;5;3m +0ms[39m
[32m[Nest] 45966  - [39m12/31/2025, 10:43:29 AM [32m    LOG[39m [38;5;3m[RoutesResolver] [39m[32mTimeTrackingController {/time-tracking}:[39m[38;5;3m +0ms[39m
[32m[Nest] 45966  - [39m12/31/2025, 10:43:29 AM [32m    LOG[39m [38;5;3m[RouterExplorer] [39m[32mMapped {/time-tracking/import, POST} route[39m[38;5;3m +0ms[39m
[32m[Nest] 45966  - [39m12/31/2025, 10:43:29 AM [32m    LOG[39m [38;5;3m[RouterExplorer] [39m[32mMapped {/time-tracking/clock-in, POST} route[39m[38;5;3m +0ms[39m
[32m[Nest] 45966  - [39m12/31/2025, 10:43:29 AM [32m    LOG[39m [38;5;3m[RouterExplorer] [39m[32mMapped {/time-tracking/clock-out, POST} route[39m[38;5;3m +0ms[39m
[32m[Nest] 45966  - [39m12/31/2025, 10:43:29 AM [32m    LOG[39m [38;5;3m[RouterExplorer] [39m[32mMapped {/time-tracking/admin/clock-in, POST} route[39m[38;5;3m +0ms[39m
[32m[Nest] 45966  - [39m12/31/2025, 10:43:29 AM [32m    LOG[39m [38;5;3m[RouterExplorer] [39m[32mMapped {/time-tracking/admin/clock-out, POST} route[39m[38;5;3m +0ms[39m
[32m[Nest] 45966  - [39m12/31/2025, 10:43:29 AM [32m    LOG[39m [38;5;3m[RouterExplorer] [39m[32mMapped {/time-tracking/admin/status/:employeeId, GET} route[39m[38;5;3m +0ms[39m
[32m[Nest] 45966  - [39m12/31/2025, 10:43:29 AM [32m    LOG[39m [38;5;3m[RouterExplorer] [39m[32mMapped {/time-tracking/break/start, POST} route[39m[38;5;3m +0ms[39m
[32m[Nest] 45966  - [39m12/31/2025, 10:43:29 AM [32m    LOG[39m [38;5;3m[RouterExplorer] [39m[32mMapped {/time-tracking/break/end, POST} route[39m[38;5;3m +0ms[39m
[32m[Nest] 45966  - [39m12/31/2025, 10:43:29 AM [32m    LOG[39m [38;5;3m[RouterExplorer] [39m[32mMapped {/time-tracking/status, GET} route[39m[38;5;3m +0ms[39m
[32m[Nest] 45966  - [39m12/31/2025, 10:43:29 AM [32m    LOG[39m [38;5;3m[RouterExplorer] [39m[32mMapped {/time-tracking/timesheets, GET} route[39m[38;5;3m +0ms[39m
[32m[Nest] 45966  - [39m12/31/2025, 10:43:29 AM [32m    LOG[39m [38;5;3m[RouterExplorer] [39m[32mMapped {/time-tracking/timesheets/:id, PATCH} route[39m[38;5;3m +0ms[39m
[32m[Nest] 45966  - [39m12/31/2025, 10:43:29 AM [32m    LOG[39m [38;5;3m[RouterExplorer] [39m[32mMapped {/time-tracking/timesheets/:id, DELETE} route[39m[38;5;3m +0ms[39m
[32m[Nest] 45966  - [39m12/31/2025, 10:43:29 AM [32m    LOG[39m [38;5;3m[RouterExplorer] [39m[32mMapped {/time-tracking/timesheets/:id/restore, POST} route[39m[38;5;3m +0ms[39m
[32m[Nest] 45966  - [39m12/31/2025, 10:43:29 AM [32m    LOG[39m [38;5;3m[RoutesResolver] [39m[32mLeaveController {/leave}:[39m[38;5;3m +0ms[39m
[32m[Nest] 45966  - [39m12/31/2025, 10:43:29 AM [32m    LOG[39m [38;5;3m[RouterExplorer] [39m[32mMapped {/leave/types, POST} route[39m[38;5;3m +0ms[39m
[32m[Nest] 45966  - [39m12/31/2025, 10:43:29 AM [32m    LOG[39m [38;5;3m[RouterExplorer] [39m[32mMapped {/leave/calculate-hours, GET} route[39m[38;5;3m +0ms[39m
[32m[Nest] 45966  - [39m12/31/2025, 10:43:29 AM [32m    LOG[39m [38;5;3m[RouterExplorer] [39m[32mMapped {/leave/types/:businessId, GET} route[39m[38;5;3m +1ms[39m
[32m[Nest] 45966  - [39m12/31/2025, 10:43:29 AM [32m    LOG[39m [38;5;3m[RouterExplorer] [39m[32mMapped {/leave/types/:id, PUT} route[39m[38;5;3m +0ms[39m
[32m[Nest] 45966  - [39m12/31/2025, 10:43:29 AM [32m    LOG[39m [38;5;3m[RouterExplorer] [39m[32mMapped {/leave/balance, POST} route[39m[38;5;3m +0ms[39m
[32m[Nest] 45966  - [39m12/31/2025, 10:43:29 AM [32m    LOG[39m [38;5;3m[RouterExplorer] [39m[32mMapped {/leave/balance, GET} route[39m[38;5;3m +0ms[39m
[32m[Nest] 45966  - [39m12/31/2025, 10:43:29 AM [32m    LOG[39m [38;5;3m[RouterExplorer] [39m[32mMapped {/leave/request, POST} route[39m[38;5;3m +0ms[39m
[32m[Nest] 45966  - [39m12/31/2025, 10:43:29 AM [32m    LOG[39m [38;5;3m[RouterExplorer] [39m[32mMapped {/leave/requests, GET} route[39m[38;5;3m +0ms[39m
[32m[Nest] 45966  - [39m12/31/2025, 10:43:29 AM [32m    LOG[39m [38;5;3m[RouterExplorer] [39m[32mMapped {/leave/my-requests, GET} route[39m[38;5;3m +0ms[39m
[32m[Nest] 45966  - [39m12/31/2025, 10:43:29 AM [32m    LOG[39m [38;5;3m[RouterExplorer] [39m[32mMapped {/leave/requests/:id/status, PUT} route[39m[38;5;3m +0ms[39m
[32m[Nest] 45966  - [39m12/31/2025, 10:43:29 AM [32m    LOG[39m [38;5;3m[RouterExplorer] [39m[32mMapped {/leave/requests/:id, PUT} route[39m[38;5;3m +0ms[39m
[32m[Nest] 45966  - [39m12/31/2025, 10:43:29 AM [32m    LOG[39m [38;5;3m[RouterExplorer] [39m[32mMapped {/leave/accrue, POST} route[39m[38;5;3m +0ms[39m
[32m[Nest] 45966  - [39m12/31/2025, 10:43:29 AM [32m    LOG[39m [38;5;3m[RouterExplorer] [39m[32mMapped {/leave/accrue/payroll, POST} route[39m[38;5;3m +0ms[39m
[32m[Nest] 45966  - [39m12/31/2025, 10:43:29 AM [32m    LOG[39m [38;5;3m[RoutesResolver] [39m[32mLoansController {/loans}:[39m[38;5;3m +0ms[39m
[32m[Nest] 45966  - [39m12/31/2025, 10:43:29 AM [32m    LOG[39m [38;5;3m[RouterExplorer] [39m[32mMapped {/loans, POST} route[39m[38;5;3m +0ms[39m
[32m[Nest] 45966  - [39m12/31/2025, 10:43:29 AM [32m    LOG[39m [38;5;3m[RouterExplorer] [39m[32mMapped {/loans, GET} route[39m[38;5;3m +0ms[39m
[32m[Nest] 45966  - [39m12/31/2025, 10:43:29 AM [32m    LOG[39m [38;5;3m[RouterExplorer] [39m[32mMapped {/loans/my-loans, GET} route[39m[38;5;3m +0ms[39m
[32m[Nest] 45966  - [39m12/31/2025, 10:43:29 AM [32m    LOG[39m [38;5;3m[RouterExplorer] [39m[32mMapped {/loans/:id, GET} route[39m[38;5;3m +0ms[39m
[32m[Nest] 45966  - [39m12/31/2025, 10:43:29 AM [32m    LOG[39m [38;5;3m[RouterExplorer] [39m[32mMapped {/loans/:id/approve, PATCH} route[39m[38;5;3m +0ms[39m
[32m[Nest] 45966  - [39m12/31/2025, 10:43:29 AM [32m    LOG[39m [38;5;3m[RouterExplorer] [39m[32mMapped {/loans/:id/reject, PATCH} route[39m[38;5;3m +0ms[39m
[32m[Nest] 45966  - [39m12/31/2025, 10:43:29 AM [32m    LOG[39m [38;5;3m[RoutesResolver] [39m[32mInvoicesController {/invoices}:[39m[38;5;3m +1ms[39m
[32m[Nest] 45966  - [39m12/31/2025, 10:43:29 AM [32m    LOG[39m [38;5;3m[RouterExplorer] [39m[32mMapped {/invoices/clients, POST} route[39m[38;5;3m +0ms[39m
[32m[Nest] 45966  - [39m12/31/2025, 10:43:29 AM [32m    LOG[39m [38;5;3m[RouterExplorer] [39m[32mMapped {/invoices/clients, GET} route[39m[38;5;3m +0ms[39m
[32m[Nest] 45966  - [39m12/31/2025, 10:43:29 AM [32m    LOG[39m [38;5;3m[RouterExplorer] [39m[32mMapped {/invoices, POST} route[39m[38;5;3m +0ms[39m
[32m[Nest] 45966  - [39m12/31/2025, 10:43:29 AM [32m    LOG[39m [38;5;3m[RouterExplorer] [39m[32mMapped {/invoices/:id, PATCH} route[39m[38;5;3m +0ms[39m
[32m[Nest] 45966  - [39m12/31/2025, 10:43:29 AM [32m    LOG[39m [38;5;3m[RouterExplorer] [39m[32mMapped {/invoices/:id/send, POST} route[39m[38;5;3m +0ms[39m
[32m[Nest] 45966  - [39m12/31/2025, 10:43:29 AM [32m    LOG[39m [38;5;3m[RouterExplorer] [39m[32mMapped {/invoices, GET} route[39m[38;5;3m +0ms[39m
[32m[Nest] 45966  - [39m12/31/2025, 10:43:29 AM [32m    LOG[39m [38;5;3m[RouterExplorer] [39m[32mMapped {/invoices/client/:clientId, GET} route[39m[38;5;3m +0ms[39m
[32m[Nest] 45966  - [39m12/31/2025, 10:43:29 AM [32m    LOG[39m [38;5;3m[RouterExplorer] [39m[32mMapped {/invoices/:id, GET} route[39m[38;5;3m +0ms[39m
[32m[Nest] 45966  - [39m12/31/2025, 10:43:29 AM [32m    LOG[39m [38;5;3m[RoutesResolver] [39m[32mReportsController {/reports}:[39m[38;5;3m +0ms[39m
[32m[Nest] 45966  - [39m12/31/2025, 10:43:29 AM [32m    LOG[39m [38;5;3m[RouterExplorer] [39m[32mMapped {/reports/dashboard-stats, GET} route[39m[38;5;3m +1ms[39m
[32m[Nest] 45966  - [39m12/31/2025, 10:43:29 AM [32m    LOG[39m [38;5;3m[RouterExplorer] [39m[32mMapped {/reports/payroll-summary, GET} route[39m[38;5;3m +0ms[39m
[32m[Nest] 45966  - [39m12/31/2025, 10:43:29 AM [32m    LOG[39m [38;5;3m[RouterExplorer] [39m[32mMapped {/reports/labor-cost, GET} route[39m[38;5;3m +0ms[39m
[32m[Nest] 45966  - [39m12/31/2025, 10:43:29 AM [32m    LOG[39m [38;5;3m[RouterExplorer] [39m[32mMapped {/reports/attendance, GET} route[39m[38;5;3m +0ms[39m
[32m[Nest] 45966  - [39m12/31/2025, 10:43:29 AM [32m    LOG[39m [38;5;3m[RoutesResolver] [39m[32mAuditController {/audit}:[39m[38;5;3m +0ms[39m
[32m[Nest] 45966  - [39m12/31/2025, 10:43:29 AM [32m    LOG[39m [38;5;3m[RouterExplorer] [39m[32mMapped {/audit, GET} route[39m[38;5;3m +0ms[39m
[32m[Nest] 45966  - [39m12/31/2025, 10:43:29 AM [32m    LOG[39m [38;5;3m[RoutesResolver] [39m[32mEmployeesController {/employees}:[39m[38;5;3m +0ms[39m
[32m[Nest] 45966  - [39m12/31/2025, 10:43:29 AM [32m    LOG[39m [38;5;3m[RouterExplorer] [39m[32mMapped {/employees, GET} route[39m[38;5;3m +0ms[39m
[32m[Nest] 45966  - [39m12/31/2025, 10:43:29 AM [32m    LOG[39m [38;5;3m[RouterExplorer] [39m[32mMapped {/employees/qualifications/expiring, GET} route[39m[38;5;3m +0ms[39m
[32m[Nest] 45966  - [39m12/31/2025, 10:43:29 AM [32m    LOG[39m [38;5;3m[RouterExplorer] [39m[32mMapped {/employees/qualifications/all, GET} route[39m[38;5;3m +0ms[39m
[32m[Nest] 45966  - [39m12/31/2025, 10:43:29 AM [32m    LOG[39m [38;5;3m[RouterExplorer] [39m[32mMapped {/employees/availability/all, GET} route[39m[38;5;3m +0ms[39m
[32m[Nest] 45966  - [39m12/31/2025, 10:43:29 AM [32m    LOG[39m [38;5;3m[RouterExplorer] [39m[32mMapped {/employees/:id, GET} route[39m[38;5;3m +0ms[39m
[32m[Nest] 45966  - [39m12/31/2025, 10:43:29 AM [32m    LOG[39m [38;5;3m[RouterExplorer] [39m[32mMapped {/employees, POST} route[39m[38;5;3m +0ms[39m
[32m[Nest] 45966  - [39m12/31/2025, 10:43:29 AM [32m    LOG[39m [38;5;3m[RouterExplorer] [39m[32mMapped {/employees/:id, PATCH} route[39m[38;5;3m +0ms[39m
[32m[Nest] 45966  - [39m12/31/2025, 10:43:29 AM [32m    LOG[39m [38;5;3m[RouterExplorer] [39m[32mMapped {/employees/:id/password, PATCH} route[39m[38;5;3m +0ms[39m
[32m[Nest] 45966  - [39m12/31/2025, 10:43:29 AM [32m    LOG[39m [38;5;3m[RouterExplorer] [39m[32mMapped {/employees/:id/availability, GET} route[39m[38;5;3m +1ms[39m
[32m[Nest] 45966  - [39m12/31/2025, 10:43:29 AM [32m    LOG[39m [38;5;3m[RouterExplorer] [39m[32mMapped {/employees/:id/availability, POST} route[39m[38;5;3m +0ms[39m
[32m[Nest] 45966  - [39m12/31/2025, 10:43:29 AM [32m    LOG[39m [38;5;3m[RouterExplorer] [39m[32mMapped {/employees/:id/availability/:availabilityId, PATCH} route[39m[38;5;3m +0ms[39m
[32m[Nest] 45966  - [39m12/31/2025, 10:43:29 AM [32m    LOG[39m [38;5;3m[RouterExplorer] [39m[32mMapped {/employees/:id/availability/:availabilityId, DELETE} route[39m[38;5;3m +0ms[39m
[32m[Nest] 45966  - [39m12/31/2025, 10:43:29 AM [32m    LOG[39m [38;5;3m[RouterExplorer] [39m[32mMapped {/employees/:id/qualifications, GET} route[39m[38;5;3m +0ms[39m
[32m[Nest] 45966  - [39m12/31/2025, 10:43:29 AM [32m    LOG[39m [38;5;3m[RouterExplorer] [39m[32mMapped {/employees/:id/qualifications, POST} route[39m[38;5;3m +0ms[39m
[32m[Nest] 45966  - [39m12/31/2025, 10:43:29 AM [32m    LOG[39m [38;5;3m[RouterExplorer] [39m[32mMapped {/employees/:id/qualifications/:qualificationId, PATCH} route[39m[38;5;3m +0ms[39m
[32m[Nest] 45966  - [39m12/31/2025, 10:43:29 AM [32m    LOG[39m [38;5;3m[RouterExplorer] [39m[32mMapped {/employees/:id/qualifications/:qualificationId, DELETE} route[39m[38;5;3m +0ms[39m
[32m[Nest] 45966  - [39m12/31/2025, 10:43:29 AM [32m    LOG[39m [38;5;3m[RoutesResolver] [39m[32mBusinessesController {/businesses}:[39m[38;5;3m +0ms[39m
[32m[Nest] 45966  - [39m12/31/2025, 10:43:29 AM [32m    LOG[39m [38;5;3m[RouterExplorer] [39m[32mMapped {/businesses, POST} route[39m[38;5;3m +0ms[39m
[32m[Nest] 45966  - [39m12/31/2025, 10:43:29 AM [32m    LOG[39m [38;5;3m[RouterExplorer] [39m[32mMapped {/businesses, GET} route[39m[38;5;3m +0ms[39m
[32m[Nest] 45966  - [39m12/31/2025, 10:43:29 AM [32m    LOG[39m [38;5;3m[RouterExplorer] [39m[32mMapped {/businesses/mine, GET} route[39m[38;5;3m +0ms[39m
[32m[Nest] 45966  - [39m12/31/2025, 10:43:29 AM [32m    LOG[39m [38;5;3m[RouterExplorer] [39m[32mMapped {/businesses/:id, GET} route[39m[38;5;3m +0ms[39m
[32m[Nest] 45966  - [39m12/31/2025, 10:43:29 AM [32m    LOG[39m [38;5;3m[RouterExplorer] [39m[32mMapped {/businesses/:id, PATCH} route[39m[38;5;3m +0ms[39m
[32m[Nest] 45966  - [39m12/31/2025, 10:43:29 AM [32m    LOG[39m [38;5;3m[RoutesResolver] [39m[32mLocationsController {/locations}:[39m[38;5;3m +0ms[39m
[32m[Nest] 45966  - [39m12/31/2025, 10:43:29 AM [32m    LOG[39m [38;5;3m[RouterExplorer] [39m[32mMapped {/locations, POST} route[39m[38;5;3m +0ms[39m
[32m[Nest] 45966  - [39m12/31/2025, 10:43:29 AM [32m    LOG[39m [38;5;3m[RouterExplorer] [39m[32mMapped {/locations, GET} route[39m[38;5;3m +0ms[39m
[32m[Nest] 45966  - [39m12/31/2025, 10:43:29 AM [32m    LOG[39m [38;5;3m[RouterExplorer] [39m[32mMapped {/locations/:id, GET} route[39m[38;5;3m +0ms[39m
[32m[Nest] 45966  - [39m12/31/2025, 10:43:29 AM [32m    LOG[39m [38;5;3m[RouterExplorer] [39m[32mMapped {/locations/:id, PATCH} route[39m[38;5;3m +0ms[39m
[32m[Nest] 45966  - [39m12/31/2025, 10:43:29 AM [32m    LOG[39m [38;5;3m[RouterExplorer] [39m[32mMapped {/locations/:id, DELETE} route[39m[38;5;3m +0ms[39m
[32m[Nest] 45966  - [39m12/31/2025, 10:43:29 AM [32m    LOG[39m [38;5;3m[RoutesResolver] [39m[32mClientsController {/clients}:[39m[38;5;3m +0ms[39m
[32m[Nest] 45966  - [39m12/31/2025, 10:43:29 AM [32m    LOG[39m [38;5;3m[RouterExplorer] [39m[32mMapped {/clients, POST} route[39m[38;5;3m +0ms[39m
[32m[Nest] 45966  - [39m12/31/2025, 10:43:29 AM [32m    LOG[39m [38;5;3m[RouterExplorer] [39m[32mMapped {/clients, GET} route[39m[38;5;3m +0ms[39m
[32m[Nest] 45966  - [39m12/31/2025, 10:43:29 AM [32m    LOG[39m [38;5;3m[RouterExplorer] [39m[32mMapped {/clients/:id, GET} route[39m[38;5;3m +0ms[39m
[32m[Nest] 45966  - [39m12/31/2025, 10:43:29 AM [32m    LOG[39m [38;5;3m[RouterExplorer] [39m[32mMapped {/clients/:id, PATCH} route[39m[38;5;3m +0ms[39m
[32m[Nest] 45966  - [39m12/31/2025, 10:43:29 AM [32m    LOG[39m [38;5;3m[RouterExplorer] [39m[32mMapped {/clients/:id, DELETE} route[39m[38;5;3m +0ms[39m
[32m[Nest] 45966  - [39m12/31/2025, 10:43:29 AM [32m    LOG[39m [38;5;3m[RoutesResolver] [39m[32mServicePinsController {/service-pins}:[39m[38;5;3m +0ms[39m
[32m[Nest] 45966  - [39m12/31/2025, 10:43:29 AM [32m    LOG[39m [38;5;3m[RouterExplorer] [39m[32mMapped {/service-pins, POST} route[39m[38;5;3m +0ms[39m
[32m[Nest] 45966  - [39m12/31/2025, 10:43:29 AM [32m    LOG[39m [38;5;3m[RouterExplorer] [39m[32mMapped {/service-pins/location/:locationId, GET} route[39m[38;5;3m +0ms[39m
[32m[Nest] 45966  - [39m12/31/2025, 10:43:29 AM [32m    LOG[39m [38;5;3m[RouterExplorer] [39m[32mMapped {/service-pins/:id, GET} route[39m[38;5;3m +0ms[39m
[32m[Nest] 45966  - [39m12/31/2025, 10:43:29 AM [32m    LOG[39m [38;5;3m[RouterExplorer] [39m[32mMapped {/service-pins/:id, PATCH} route[39m[38;5;3m +0ms[39m
[32m[Nest] 45966  - [39m12/31/2025, 10:43:29 AM [32m    LOG[39m [38;5;3m[RouterExplorer] [39m[32mMapped {/service-pins/:id, DELETE} route[39m[38;5;3m +0ms[39m
[32m[Nest] 45966  - [39m12/31/2025, 10:43:29 AM [32m    LOG[39m [38;5;3m[RoutesResolver] [39m[32mPatrolLogsController {/patrol-logs}:[39m[38;5;3m +0ms[39m
[32m[Nest] 45966  - [39m12/31/2025, 10:43:29 AM [32m    LOG[39m [38;5;3m[RouterExplorer] [39m[32mMapped {/patrol-logs, POST} route[39m[38;5;3m +0ms[39m
[32m[Nest] 45966  - [39m12/31/2025, 10:43:29 AM [32m    LOG[39m [38;5;3m[RouterExplorer] [39m[32mMapped {/patrol-logs/pin/:servicePinId, GET} route[39m[38;5;3m +0ms[39m
[32m[Nest] 45966  - [39m12/31/2025, 10:43:29 AM [32m    LOG[39m [38;5;3m[RouterExplorer] [39m[32mMapped {/patrol-logs/location/:locationId, GET} route[39m[38;5;3m +0ms[39m
[32m[Nest] 45966  - [39m12/31/2025, 10:43:29 AM [32m    LOG[39m [38;5;3m[RouterExplorer] [39m[32mMapped {/patrol-logs, GET} route[39m[38;5;3m +1ms[39m
[32m[Nest] 45966  - [39m12/31/2025, 10:43:29 AM [32m    LOG[39m [38;5;3m[RoutesResolver] [39m[32mUploadsController {/uploads}:[39m[38;5;3m +0ms[39m
[32m[Nest] 45966  - [39m12/31/2025, 10:43:29 AM [32m    LOG[39m [38;5;3m[RouterExplorer] [39m[32mMapped {/uploads, POST} route[39m[38;5;3m +0ms[39m
[32m[Nest] 45966  - [39m12/31/2025, 10:43:29 AM [32m    LOG[39m [38;5;3m[RouterExplorer] [39m[32mMapped {/uploads/:filename, GET} route[39m[38;5;3m +0ms[39m
[32m[Nest] 45966  - [39m12/31/2025, 10:43:29 AM [32m    LOG[39m [38;5;3m[RoutesResolver] [39m[32mDepartmentsController {/departments}:[39m[38;5;3m +0ms[39m
[32m[Nest] 45966  - [39m12/31/2025, 10:43:29 AM [32m    LOG[39m [38;5;3m[RouterExplorer] [39m[32mMapped {/departments, POST} route[39m[38;5;3m +0ms[39m
[32m[Nest] 45966  - [39m12/31/2025, 10:43:29 AM [32m    LOG[39m [38;5;3m[RouterExplorer] [39m[32mMapped {/departments, GET} route[39m[38;5;3m +0ms[39m
[32m[Nest] 45966  - [39m12/31/2025, 10:43:29 AM [32m    LOG[39m [38;5;3m[RouterExplorer] [39m[32mMapped {/departments/:id, GET} route[39m[38;5;3m +0ms[39m
[32m[Nest] 45966  - [39m12/31/2025, 10:43:29 AM [32m    LOG[39m [38;5;3m[RouterExplorer] [39m[32mMapped {/departments/:id/members, GET} route[39m[38;5;3m +0ms[39m
[32m[Nest] 45966  - [39m12/31/2025, 10:43:29 AM [32m    LOG[39m [38;5;3m[RouterExplorer] [39m[32mMapped {/departments/:id/members, POST} route[39m[38;5;3m +0ms[39m
[32m[Nest] 45966  - [39m12/31/2025, 10:43:29 AM [32m    LOG[39m [38;5;3m[RouterExplorer] [39m[32mMapped {/departments/:id/members/:employeeId, DELETE} route[39m[38;5;3m +0ms[39m
[32m[Nest] 45966  - [39m12/31/2025, 10:43:29 AM [32m    LOG[39m [38;5;3m[RouterExplorer] [39m[32mMapped {/departments/:id/manager, POST} route[39m[38;5;3m +0ms[39m
[32m[Nest] 45966  - [39m12/31/2025, 10:43:29 AM [32m    LOG[39m [38;5;3m[RouterExplorer] [39m[32mMapped {/departments/:id/manager, DELETE} route[39m[38;5;3m +0ms[39m
[32m[Nest] 45966  - [39m12/31/2025, 10:43:29 AM [32m    LOG[39m [38;5;3m[RouterExplorer] [39m[32mMapped {/departments/:id, PATCH} route[39m[38;5;3m +0ms[39m
[32m[Nest] 45966  - [39m12/31/2025, 10:43:29 AM [32m    LOG[39m [38;5;3m[RouterExplorer] [39m[32mMapped {/departments/:id, DELETE} route[39m[38;5;3m +0ms[39m
[32m[Nest] 45966  - [39m12/31/2025, 10:43:29 AM [32m    LOG[39m [38;5;3m[RoutesResolver] [39m[32mRolesController {/roles}:[39m[38;5;3m +0ms[39m
[32m[Nest] 45966  - [39m12/31/2025, 10:43:29 AM [32m    LOG[39m [38;5;3m[RouterExplorer] [39m[32mMapped {/roles, POST} route[39m[38;5;3m +0ms[39m
[32m[Nest] 45966  - [39m12/31/2025, 10:43:29 AM [32m    LOG[39m [38;5;3m[RouterExplorer] [39m[32mMapped {/roles, GET} route[39m[38;5;3m +0ms[39m
[32m[Nest] 45966  - [39m12/31/2025, 10:43:29 AM [32m    LOG[39m [38;5;3m[RouterExplorer] [39m[32mMapped {/roles/:id, GET} route[39m[38;5;3m +0ms[39m
[32m[Nest] 45966  - [39m12/31/2025, 10:43:29 AM [32m    LOG[39m [38;5;3m[RouterExplorer] [39m[32mMapped {/roles/:id/members, GET} route[39m[38;5;3m +0ms[39m
[32m[Nest] 45966  - [39m12/31/2025, 10:43:29 AM [32m    LOG[39m [38;5;3m[RouterExplorer] [39m[32mMapped {/roles/:id/members, POST} route[39m[38;5;3m +0ms[39m
[32m[Nest] 45966  - [39m12/31/2025, 10:43:29 AM [32m    LOG[39m [38;5;3m[RouterExplorer] [39m[32mMapped {/roles/:id/members/:employeeId, DELETE} route[39m[38;5;3m +0ms[39m
[32m[Nest] 45966  - [39m12/31/2025, 10:43:29 AM [32m    LOG[39m [38;5;3m[RouterExplorer] [39m[32mMapped {/roles/:id, PATCH} route[39m[38;5;3m +0ms[39m
[32m[Nest] 45966  - [39m12/31/2025, 10:43:29 AM [32m    LOG[39m [38;5;3m[RouterExplorer] [39m[32mMapped {/roles/:id, DELETE} route[39m[38;5;3m +0ms[39m
[32m[Nest] 45966  - [39m12/31/2025, 10:43:29 AM [32m    LOG[39m [38;5;3m[RoutesResolver] [39m[32mAnnouncementsController {/announcements}:[39m[38;5;3m +0ms[39m
[32m[Nest] 45966  - [39m12/31/2025, 10:43:29 AM [32m    LOG[39m [38;5;3m[RouterExplorer] [39m[32mMapped {/announcements, POST} route[39m[38;5;3m +0ms[39m
[32m[Nest] 45966  - [39m12/31/2025, 10:43:29 AM [32m    LOG[39m [38;5;3m[RouterExplorer] [39m[32mMapped {/announcements, GET} route[39m[38;5;3m +0ms[39m
[32m[Nest] 45966  - [39m12/31/2025, 10:43:29 AM [32m    LOG[39m [38;5;3m[RouterExplorer] [39m[32mMapped {/announcements/:id, PATCH} route[39m[38;5;3m +0ms[39m
[32m[Nest] 45966  - [39m12/31/2025, 10:43:29 AM [32m    LOG[39m [38;5;3m[RouterExplorer] [39m[32mMapped {/announcements/:id/read, POST} route[39m[38;5;3m +0ms[39m
[32m[Nest] 45966  - [39m12/31/2025, 10:43:29 AM [32m    LOG[39m [38;5;3m[RouterExplorer] [39m[32mMapped {/announcements/:id, DELETE} route[39m[38;5;3m +0ms[39m
[32m[Nest] 45966  - [39m12/31/2025, 10:43:29 AM [32m    LOG[39m [38;5;3m[RoutesResolver] [39m[32mEmailCampaignsController {/email-campaigns}:[39m[38;5;3m +0ms[39m
[32m[Nest] 45966  - [39m12/31/2025, 10:43:29 AM [32m    LOG[39m [38;5;3m[RouterExplorer] [39m[32mMapped {/email-campaigns, POST} route[39m[38;5;3m +0ms[39m
[32m[Nest] 45966  - [39m12/31/2025, 10:43:29 AM [32m    LOG[39m [38;5;3m[RouterExplorer] [39m[32mMapped {/email-campaigns, GET} route[39m[38;5;3m +0ms[39m
[32m[Nest] 45966  - [39m12/31/2025, 10:43:29 AM [32m    LOG[39m [38;5;3m[RouterExplorer] [39m[32mMapped {/email-campaigns/:id, GET} route[39m[38;5;3m +0ms[39m
[32m[Nest] 45966  - [39m12/31/2025, 10:43:29 AM [32m    LOG[39m [38;5;3m[RouterExplorer] [39m[32mMapped {/email-campaigns/:id/send, POST} route[39m[38;5;3m +0ms[39m
[32m[Nest] 45966  - [39m12/31/2025, 10:43:29 AM [32m    LOG[39m [38;5;3m[RouterExplorer] [39m[32mMapped {/email-campaigns/:id, DELETE} route[39m[38;5;3m +0ms[39m
[32m[Nest] 45966  - [39m12/31/2025, 10:43:29 AM [32m    LOG[39m [38;5;3m[RoutesResolver] [39m[32mEmailTemplatesController {/email-templates}:[39m[38;5;3m +0ms[39m
[32m[Nest] 45966  - [39m12/31/2025, 10:43:29 AM [32m    LOG[39m [38;5;3m[RouterExplorer] [39m[32mMapped {/email-templates, POST} route[39m[38;5;3m +0ms[39m
[32m[Nest] 45966  - [39m12/31/2025, 10:43:29 AM [32m    LOG[39m [38;5;3m[RouterExplorer] [39m[32mMapped {/email-templates, GET} route[39m[38;5;3m +1ms[39m
[32m[Nest] 45966  - [39m12/31/2025, 10:43:29 AM [32m    LOG[39m [38;5;3m[RouterExplorer] [39m[32mMapped {/email-templates/:id, GET} route[39m[38;5;3m +0ms[39m
[32m[Nest] 45966  - [39m12/31/2025, 10:43:29 AM [32m    LOG[39m [38;5;3m[RouterExplorer] [39m[32mMapped {/email-templates/:id, PATCH} route[39m[38;5;3m +0ms[39m
[32m[Nest] 45966  - [39m12/31/2025, 10:43:29 AM [32m    LOG[39m [38;5;3m[RouterExplorer] [39m[32mMapped {/email-templates/:id, DELETE} route[39m[38;5;3m +0ms[39m
[32m[Nest] 45966  - [39m12/31/2025, 10:43:29 AM [32m    LOG[39m [38;5;3m[RoutesResolver] [39m[32mIncidentReportsController {/incident-reports}:[39m[38;5;3m +0ms[39m
[32m[Nest] 45966  - [39m12/31/2025, 10:43:29 AM [32m    LOG[39m [38;5;3m[RouterExplorer] [39m[32mMapped {/incident-reports, POST} route[39m[38;5;3m +0ms[39m
[32m[Nest] 45966  - [39m12/31/2025, 10:43:29 AM [32m    LOG[39m [38;5;3m[RouterExplorer] [39m[32mMapped {/incident-reports, GET} route[39m[38;5;3m +0ms[39m
[32m[Nest] 45966  - [39m12/31/2025, 10:43:29 AM [32m    LOG[39m [38;5;3m[RouterExplorer] [39m[32mMapped {/incident-reports/:id, GET} route[39m[38;5;3m +0ms[39m
[32m[Nest] 45966  - [39m12/31/2025, 10:43:29 AM [32m    LOG[39m [38;5;3m[RouterExplorer] [39m[32mMapped {/incident-reports/:id, PATCH} route[39m[38;5;3m +0ms[39m
[32m[Nest] 45966  - [39m12/31/2025, 10:43:29 AM [32m    LOG[39m [38;5;3m[RouterExplorer] [39m[32mMapped {/incident-reports/:id, DELETE} route[39m[38;5;3m +0ms[39m
[32m[Nest] 45966  - [39m12/31/2025, 10:43:29 AM [32m    LOG[39m [38;5;3m[RoutesResolver] [39m[32mAssetsController {/assets}:[39m[38;5;3m +0ms[39m
[32m[Nest] 45966  - [39m12/31/2025, 10:43:29 AM [32m    LOG[39m [38;5;3m[RouterExplorer] [39m[32mMapped {/assets, POST} route[39m[38;5;3m +0ms[39m
[32m[Nest] 45966  - [39m12/31/2025, 10:43:29 AM [32m    LOG[39m [38;5;3m[RouterExplorer] [39m[32mMapped {/assets/:id/assign, POST} route[39m[38;5;3m +0ms[39m
[32m[Nest] 45966  - [39m12/31/2025, 10:43:29 AM [32m    LOG[39m [38;5;3m[RouterExplorer] [39m[32mMapped {/assets/:id/return, POST} route[39m[38;5;3m +0ms[39m
[32m[Nest] 45966  - [39m12/31/2025, 10:43:29 AM [32m    LOG[39m [38;5;3m[RouterExplorer] [39m[32mMapped {/assets/:id/history, GET} route[39m[38;5;3m +0ms[39m
[32m[Nest] 45966  - [39m12/31/2025, 10:43:29 AM [32m    LOG[39m [38;5;3m[RouterExplorer] [39m[32mMapped {/assets, GET} route[39m[38;5;3m +0ms[39m
[32m[Nest] 45966  - [39m12/31/2025, 10:43:29 AM [32m    LOG[39m [38;5;3m[RouterExplorer] [39m[32mMapped {/assets/:id, GET} route[39m[38;5;3m +0ms[39m
[32m[Nest] 45966  - [39m12/31/2025, 10:43:29 AM [32m    LOG[39m [38;5;3m[RouterExplorer] [39m[32mMapped {/assets/:id, PATCH} route[39m[38;5;3m +0ms[39m
[32m[Nest] 45966  - [39m12/31/2025, 10:43:29 AM [32m    LOG[39m [38;5;3m[RouterExplorer] [39m[32mMapped {/assets/:id, DELETE} route[39m[38;5;3m +0ms[39m
[32m[Nest] 45966  - [39m12/31/2025, 10:43:29 AM [32m    LOG[39m [38;5;3m[RoutesResolver] [39m[32mPaymentsController {/payments}:[39m[38;5;3m +0ms[39m
[32m[Nest] 45966  - [39m12/31/2025, 10:43:29 AM [32m    LOG[39m [38;5;3m[RouterExplorer] [39m[32mMapped {/payments, POST} route[39m[38;5;3m +0ms[39m
[32m[Nest] 45966  - [39m12/31/2025, 10:43:29 AM [32m    LOG[39m [38;5;3m[RouterExplorer] [39m[32mMapped {/payments, GET} route[39m[38;5;3m +0ms[39m
[32m[Nest] 45966  - [39m12/31/2025, 10:43:29 AM [32m    LOG[39m [38;5;3m[RouterExplorer] [39m[32mMapped {/payments/:id, GET} route[39m[38;5;3m +0ms[39m
[32m[Nest] 45966  - [39m12/31/2025, 10:43:29 AM [32m    LOG[39m [38;5;3m[NestApplication] [39m[32mNest application successfully started[39m[38;5;3m +16ms[39m
Application is running on: http://localhost:3002
[2J[3J[H[[90m10:44:33 AM[0m] File change detected. Starting incremental compilation...

[[90m10:44:33 AM[0m] Found 0 errors. Watching for file changes.

[32m[Nest] 47168  - [39m12/31/2025, 10:44:34 AM [32m    LOG[39m [38;5;3m[NestFactory] [39m[32mStarting Nest application...[39m
[32m[Nest] 47168  - [39m12/31/2025, 10:44:34 AM [32m    LOG[39m [38;5;3m[InstanceLoader] [39m[32mPassportModule dependencies initialized[39m[38;5;3m +38ms[39m
[32m[Nest] 47168  - [39m12/31/2025, 10:44:34 AM [32m    LOG[39m [38;5;3m[InstanceLoader] [39m[32mConfigHostModule dependencies initialized[39m[38;5;3m +46ms[39m
[32m[Nest] 47168  - [39m12/31/2025, 10:44:34 AM [32m    LOG[39m [38;5;3m[InstanceLoader] [39m[32mThrottlerModule dependencies initialized[39m[38;5;3m +0ms[39m
[32m[Nest] 47168  - [39m12/31/2025, 10:44:34 AM [32m    LOG[39m [38;5;3m[InstanceLoader] [39m[32mUsersModule dependencies initialized[39m[38;5;3m +0ms[39m
[32m[Nest] 47168  - [39m12/31/2025, 10:44:34 AM [32m    LOG[39m [38;5;3m[InstanceLoader] [39m[32mDiscoveryModule dependencies initialized[39m[38;5;3m +0ms[39m
[32m[Nest] 47168  - [39m12/31/2025, 10:44:34 AM [32m    LOG[39m [38;5;3m[InstanceLoader] [39m[32mConfigModule dependencies initialized[39m[38;5;3m +1ms[39m
[32m[Nest] 47168  - [39m12/31/2025, 10:44:34 AM [32m    LOG[39m [38;5;3m[InstanceLoader] [39m[32mConfigModule dependencies initialized[39m[38;5;3m +0ms[39m
[32m[Nest] 47168  - [39m12/31/2025, 10:44:34 AM [32m    LOG[39m [38;5;3m[InstanceLoader] [39m[32mScheduleModule dependencies initialized[39m[38;5;3m +0ms[39m
[32m[Nest] 47168  - [39m12/31/2025, 10:44:34 AM [32m    LOG[39m [38;5;3m[InstanceLoader] [39m[32mJwtModule dependencies initialized[39m[38;5;3m +1ms[39m
[32m[Nest] 47168  - [39m12/31/2025, 10:44:34 AM [32m    LOG[39m [38;5;3m[InstanceLoader] [39m[32mJwtModule dependencies initialized[39m[38;5;3m +0ms[39m
[32m[Nest] 47168  - [39m12/31/2025, 10:44:34 AM [32m    LOG[39m [38;5;3m[InstanceLoader] [39m[32mUploadsModule dependencies initialized[39m[38;5;3m +0ms[39m
[32m[Nest] 47168  - [39m12/31/2025, 10:44:34 AM [32m    LOG[39m [38;5;3m[InstanceLoader] [39m[32mAppModule dependencies initialized[39m[38;5;3m +1ms[39m
[32m[Nest] 47168  - [39m12/31/2025, 10:44:34 AM [32m    LOG[39m [38;5;3m[InstanceLoader] [39m[32mAuditModule dependencies initialized[39m[38;5;3m +0ms[39m
[32m[Nest] 47168  - [39m12/31/2025, 10:44:34 AM [32m    LOG[39m [38;5;3m[InstanceLoader] [39m[32mPushModule dependencies initialized[39m[38;5;3m +0ms[39m
[32m[Nest] 47168  - [39m12/31/2025, 10:44:34 AM [32m    LOG[39m [38;5;3m[InstanceLoader] [39m[32mTimeTrackingModule dependencies initialized[39m[38;5;3m +0ms[39m
[32m[Nest] 47168  - [39m12/31/2025, 10:44:34 AM [32m    LOG[39m [38;5;3m[InstanceLoader] [39m[32mLeaveModule dependencies initialized[39m[38;5;3m +0ms[39m
[32m[Nest] 47168  - [39m12/31/2025, 10:44:34 AM [32m    LOG[39m [38;5;3m[InstanceLoader] [39m[32mLoansModule dependencies initialized[39m[38;5;3m +0ms[39m
[32m[Nest] 47168  - [39m12/31/2025, 10:44:34 AM [32m    LOG[39m [38;5;3m[InstanceLoader] [39m[32mInvoicesModule dependencies initialized[39m[38;5;3m +0ms[39m
[32m[Nest] 47168  - [39m12/31/2025, 10:44:34 AM [32m    LOG[39m [38;5;3m[InstanceLoader] [39m[32mReportsModule dependencies initialized[39m[38;5;3m +0ms[39m
[32m[Nest] 47168  - [39m12/31/2025, 10:44:34 AM [32m    LOG[39m [38;5;3m[InstanceLoader] [39m[32mBusinessesModule dependencies initialized[39m[38;5;3m +0ms[39m
[32m[Nest] 47168  - [39m12/31/2025, 10:44:34 AM [32m    LOG[39m [38;5;3m[InstanceLoader] [39m[32mLocationsModule dependencies initialized[39m[38;5;3m +0ms[39m
[32m[Nest] 47168  - [39m12/31/2025, 10:44:34 AM [32m    LOG[39m [38;5;3m[InstanceLoader] [39m[32mClientsModule dependencies initialized[39m[38;5;3m +0ms[39m
[32m[Nest] 47168  - [39m12/31/2025, 10:44:34 AM [32m    LOG[39m [38;5;3m[InstanceLoader] [39m[32mServicePinsModule dependencies initialized[39m[38;5;3m +0ms[39m
[32m[Nest] 47168  - [39m12/31/2025, 10:44:34 AM [32m    LOG[39m [38;5;3m[InstanceLoader] [39m[32mPatrolLogsModule dependencies initialized[39m[38;5;3m +0ms[39m
[32m[Nest] 47168  - [39m12/31/2025, 10:44:34 AM [32m    LOG[39m [38;5;3m[InstanceLoader] [39m[32mIncidentReportsModule dependencies initialized[39m[38;5;3m +0ms[39m
[32m[Nest] 47168  - [39m12/31/2025, 10:44:34 AM [32m    LOG[39m [38;5;3m[InstanceLoader] [39m[32mAssetsModule dependencies initialized[39m[38;5;3m +0ms[39m
[32m[Nest] 47168  - [39m12/31/2025, 10:44:34 AM [32m    LOG[39m [38;5;3m[InstanceLoader] [39m[32mPaymentsModule dependencies initialized[39m[38;5;3m +0ms[39m
[32m[Nest] 47168  - [39m12/31/2025, 10:44:34 AM [32m    LOG[39m [38;5;3m[InstanceLoader] [39m[32mDepartmentsModule dependencies initialized[39m[38;5;3m +0ms[39m
[32m[Nest] 47168  - [39m12/31/2025, 10:44:34 AM [32m    LOG[39m [38;5;3m[InstanceLoader] [39m[32mRolesModule dependencies initialized[39m[38;5;3m +0ms[39m
[32m[Nest] 47168  - [39m12/31/2025, 10:44:34 AM [32m    LOG[39m [38;5;3m[InstanceLoader] [39m[32mAnnouncementsModule dependencies initialized[39m[38;5;3m +0ms[39m
[32m[Nest] 47168  - [39m12/31/2025, 10:44:34 AM [32m    LOG[39m [38;5;3m[InstanceLoader] [39m[32mEmailTemplatesModule dependencies initialized[39m[38;5;3m +0ms[39m
[32m[Nest] 47168  - [39m12/31/2025, 10:44:34 AM [32m    LOG[39m [38;5;3m[InstanceLoader] [39m[32mNotificationsModule dependencies initialized[39m[38;5;3m +0ms[39m
[32m[Nest] 47168  - [39m12/31/2025, 10:44:34 AM [32m    LOG[39m [38;5;3m[InstanceLoader] [39m[32mEmailCampaignsModule dependencies initialized[39m[38;5;3m +0ms[39m
[32m[Nest] 47168  - [39m12/31/2025, 10:44:34 AM [32m    LOG[39m [38;5;3m[InstanceLoader] [39m[32mPayrollModule dependencies initialized[39m[38;5;3m +0ms[39m
[32m[Nest] 47168  - [39m12/31/2025, 10:44:34 AM [32m    LOG[39m [38;5;3m[InstanceLoader] [39m[32mEmployeesModule dependencies initialized[39m[38;5;3m +0ms[39m
[32m[Nest] 47168  - [39m12/31/2025, 10:44:34 AM [32m    LOG[39m [38;5;3m[InstanceLoader] [39m[32mSchedulingModule dependencies initialized[39m[38;5;3m +0ms[39m
[32m[Nest] 47168  - [39m12/31/2025, 10:44:34 AM [32m    LOG[39m [38;5;3m[InstanceLoader] [39m[32mAuthModule dependencies initialized[39m[38;5;3m +0ms[39m
[32m[Nest] 47168  - [39m12/31/2025, 10:44:34 AM [32m    LOG[39m [38;5;3m[RoutesResolver] [39m[32mAppController {/}:[39m[38;5;3m +2ms[39m
[32m[Nest] 47168  - [39m12/31/2025, 10:44:34 AM [32m    LOG[39m [38;5;3m[RouterExplorer] [39m[32mMapped {/, GET} route[39m[38;5;3m +1ms[39m
[32m[Nest] 47168  - [39m12/31/2025, 10:44:34 AM [32m    LOG[39m [38;5;3m[RouterExplorer] [39m[32mMapped {/businesses, GET} route[39m[38;5;3m +0ms[39m
[32m[Nest] 47168  - [39m12/31/2025, 10:44:34 AM [32m    LOG[39m [38;5;3m[RoutesResolver] [39m[32mAuthController {/auth}:[39m[38;5;3m +0ms[39m
[32m[Nest] 47168  - [39m12/31/2025, 10:44:34 AM [32m    LOG[39m [38;5;3m[RouterExplorer] [39m[32mMapped {/auth/login, POST} route[39m[38;5;3m +0ms[39m
[32m[Nest] 47168  - [39m12/31/2025, 10:44:34 AM [32m    LOG[39m [38;5;3m[RouterExplorer] [39m[32mMapped {/auth/register, POST} route[39m[38;5;3m +0ms[39m
[32m[Nest] 47168  - [39m12/31/2025, 10:44:34 AM [32m    LOG[39m [38;5;3m[RouterExplorer] [39m[32mMapped {/auth/profile, GET} route[39m[38;5;3m +1ms[39m
[32m[Nest] 47168  - [39m12/31/2025, 10:44:34 AM [32m    LOG[39m [38;5;3m[RoutesResolver] [39m[32mPayrollController {/payroll}:[39m[38;5;3m +0ms[39m
[32m[Nest] 47168  - [39m12/31/2025, 10:44:34 AM [32m    LOG[39m [38;5;3m[RouterExplorer] [39m[32mMapped {/payroll/create, POST} route[39m[38;5;3m +0ms[39m
[32m[Nest] 47168  - [39m12/31/2025, 10:44:34 AM [32m    LOG[39m [38;5;3m[RouterExplorer] [39m[32mMapped {/payroll/:id/calculate, POST} route[39m[38;5;3m +0ms[39m
[32m[Nest] 47168  - [39m12/31/2025, 10:44:34 AM [32m    LOG[39m [38;5;3m[RouterExplorer] [39m[32mMapped {/payroll/:id/finalize, POST} route[39m[38;5;3m +0ms[39m
[32m[Nest] 47168  - [39m12/31/2025, 10:44:34 AM [32m    LOG[39m [38;5;3m[RouterExplorer] [39m[32mMapped {/payroll/:id, DELETE} route[39m[38;5;3m +0ms[39m
[32m[Nest] 47168  - [39m12/31/2025, 10:44:34 AM [32m    LOG[39m [38;5;3m[RouterExplorer] [39m[32mMapped {/payroll/paystub/:id, PATCH} route[39m[38;5;3m +0ms[39m
[32m[Nest] 47168  - [39m12/31/2025, 10:44:34 AM [32m    LOG[39m [38;5;3m[RouterExplorer] [39m[32mMapped {/payroll/paystubs, GET} route[39m[38;5;3m +0ms[39m
[32m[Nest] 47168  - [39m12/31/2025, 10:44:34 AM [32m    LOG[39m [38;5;3m[RouterExplorer] [39m[32mMapped {/payroll/my-paystubs, GET} route[39m[38;5;3m +1ms[39m
[32m[Nest] 47168  - [39m12/31/2025, 10:44:34 AM [32m    LOG[39m [38;5;3m[RouterExplorer] [39m[32mMapped {/payroll, GET} route[39m[38;5;3m +0ms[39m
[32m[Nest] 47168  - [39m12/31/2025, 10:44:34 AM [32m    LOG[39m [38;5;3m[RouterExplorer] [39m[32mMapped {/payroll/:id, GET} route[39m[38;5;3m +0ms[39m
[32m[Nest] 47168  - [39m12/31/2025, 10:44:34 AM [32m    LOG[39m [38;5;3m[RouterExplorer] [39m[32mMapped {/payroll/business/:businessId, GET} route[39m[38;5;3m +0ms[39m
[32m[Nest] 47168  - [39m12/31/2025, 10:44:34 AM [32m    LOG[39m [38;5;3m[RouterExplorer] [39m[32mMapped {/payroll/report/year-end, GET} route[39m[38;5;3m +0ms[39m
[32m[Nest] 47168  - [39m12/31/2025, 10:44:34 AM [32m    LOG[39m [38;5;3m[RouterExplorer] [39m[32mMapped {/payroll/report/annual, GET} route[39m[38;5;3m +0ms[39m
[32m[Nest] 47168  - [39m12/31/2025, 10:44:34 AM [32m    LOG[39m [38;5;3m[RoutesResolver] [39m[32mSchedulingController {/scheduling}:[39m[38;5;3m +0ms[39m
[32m[Nest] 47168  - [39m12/31/2025, 10:44:34 AM [32m    LOG[39m [38;5;3m[RouterExplorer] [39m[32mMapped {/scheduling/shifts, POST} route[39m[38;5;3m +0ms[39m
[32m[Nest] 47168  - [39m12/31/2025, 10:44:34 AM [32m    LOG[39m [38;5;3m[RouterExplorer] [39m[32mMapped {/scheduling/shifts, GET} route[39m[38;5;3m +0ms[39m
[32m[Nest] 47168  - [39m12/31/2025, 10:44:34 AM [32m    LOG[39m [38;5;3m[RouterExplorer] [39m[32mMapped {/scheduling/my, GET} route[39m[38;5;3m +0ms[39m
[32m[Nest] 47168  - [39m12/31/2025, 10:44:34 AM [32m    LOG[39m [38;5;3m[RouterExplorer] [39m[32mMapped {/scheduling/my-peers, GET} route[39m[38;5;3m +0ms[39m
[32m[Nest] 47168  - [39m12/31/2025, 10:44:34 AM [32m    LOG[39m [38;5;3m[RouterExplorer] [39m[32mMapped {/scheduling/shifts/:id/apply, POST} route[39m[38;5;3m +0ms[39m
[32m[Nest] 47168  - [39m12/31/2025, 10:44:34 AM [32m    LOG[39m [38;5;3m[RouterExplorer] [39m[32mMapped {/scheduling/applications/:id/approve, POST} route[39m[38;5;3m +0ms[39m
[32m[Nest] 47168  - [39m12/31/2025, 10:44:34 AM [32m    LOG[39m [38;5;3m[RouterExplorer] [39m[32mMapped {/scheduling/applications/:id/decline, POST} route[39m[38;5;3m +0ms[39m
[32m[Nest] 47168  - [39m12/31/2025, 10:44:34 AM [32m    LOG[39m [38;5;3m[RouterExplorer] [39m[32mMapped {/scheduling/shifts/:id, PUT} route[39m[38;5;3m +0ms[39m
[32m[Nest] 47168  - [39m12/31/2025, 10:44:34 AM [32m    LOG[39m [38;5;3m[RouterExplorer] [39m[32mMapped {/scheduling/shifts/:id, DELETE} route[39m[38;5;3m +0ms[39m
[32m[Nest] 47168  - [39m12/31/2025, 10:44:34 AM [32m    LOG[39m [38;5;3m[RouterExplorer] [39m[32mMapped {/scheduling/shifts/publish, POST} route[39m[38;5;3m +0ms[39m
[32m[Nest] 47168  - [39m12/31/2025, 10:44:34 AM [32m    LOG[39m [38;5;3m[RoutesResolver] [39m[32mNotificationsController {/notifications}:[39m[38;5;3m +0ms[39m
[32m[Nest] 47168  - [39m12/31/2025, 10:44:34 AM [32m    LOG[39m [38;5;3m[RouterExplorer] [39m[32mMapped {/notifications, GET} route[39m[38;5;3m +0ms[39m
[32m[Nest] 47168  - [39m12/31/2025, 10:44:34 AM [32m    LOG[39m [38;5;3m[RouterExplorer] [39m[32mMapped {/notifications/conversation/:employeeId, GET} route[39m[38;5;3m +0ms[39m
[32m[Nest] 47168  - [39m12/31/2025, 10:44:34 AM [32m    LOG[39m [38;5;3m[RouterExplorer] [39m[32mMapped {/notifications/conversation, POST} route[39m[38;5;3m +0ms[39m
[32m[Nest] 47168  - [39m12/31/2025, 10:44:34 AM [32m    LOG[39m [38;5;3m[RouterExplorer] [39m[32mMapped {/notifications/:id/read, PATCH} route[39m[38;5;3m +0ms[39m
[32m[Nest] 47168  - [39m12/31/2025, 10:44:34 AM [32m    LOG[39m [38;5;3m[RouterExplorer] [39m[32mMapped {/notifications/read-all, PATCH} route[39m[38;5;3m +0ms[39m
[32m[Nest] 47168  - [39m12/31/2025, 10:44:34 AM [32m    LOG[39m [38;5;3m[RouterExplorer] [39m[32mMapped {/notifications/:id, DELETE} route[39m[38;5;3m +0ms[39m
[32m[Nest] 47168  - [39m12/31/2025, 10:44:34 AM [32m    LOG[39m [38;5;3m[RouterExplorer] [39m[32mMapped {/notifications/stream, GET} route[39m[38;5;3m +0ms[39m
[32m[Nest] 47168  - [39m12/31/2025, 10:44:34 AM [32m    LOG[39m [38;5;3m[RoutesResolver] [39m[32mPushController {/push}:[39m[38;5;3m +1ms[39m
[32m[Nest] 47168  - [39m12/31/2025, 10:44:34 AM [32m    LOG[39m [38;5;3m[RouterExplorer] [39m[32mMapped {/push/register, POST} route[39m[38;5;3m +0ms[39m
[32m[Nest] 47168  - [39m12/31/2025, 10:44:34 AM [32m    LOG[39m [38;5;3m[RouterExplorer] [39m[32mMapped {/push/register, DELETE} route[39m[38;5;3m +0ms[39m
[32m[Nest] 47168  - [39m12/31/2025, 10:44:34 AM [32m    LOG[39m [38;5;3m[RoutesResolver] [39m[32mTimeTrackingController {/time-tracking}:[39m[38;5;3m +0ms[39m
[32m[Nest] 47168  - [39m12/31/2025, 10:44:34 AM [32m    LOG[39m [38;5;3m[RouterExplorer] [39m[32mMapped {/time-tracking/import, POST} route[39m[38;5;3m +0ms[39m
[32m[Nest] 47168  - [39m12/31/2025, 10:44:34 AM [32m    LOG[39m [38;5;3m[RouterExplorer] [39m[32mMapped {/time-tracking/clock-in, POST} route[39m[38;5;3m +0ms[39m
[32m[Nest] 47168  - [39m12/31/2025, 10:44:34 AM [32m    LOG[39m [38;5;3m[RouterExplorer] [39m[32mMapped {/time-tracking/clock-out, POST} route[39m[38;5;3m +0ms[39m
[32m[Nest] 47168  - [39m12/31/2025, 10:44:34 AM [32m    LOG[39m [38;5;3m[RouterExplorer] [39m[32mMapped {/time-tracking/admin/clock-in, POST} route[39m[38;5;3m +0ms[39m
[32m[Nest] 47168  - [39m12/31/2025, 10:44:34 AM [32m    LOG[39m [38;5;3m[RouterExplorer] [39m[32mMapped {/time-tracking/admin/clock-out, POST} route[39m[38;5;3m +0ms[39m
[32m[Nest] 47168  - [39m12/31/2025, 10:44:34 AM [32m    LOG[39m [38;5;3m[RouterExplorer] [39m[32mMapped {/time-tracking/admin/status/:employeeId, GET} route[39m[38;5;3m +0ms[39m
[32m[Nest] 47168  - [39m12/31/2025, 10:44:34 AM [32m    LOG[39m [38;5;3m[RouterExplorer] [39m[32mMapped {/time-tracking/break/start, POST} route[39m[38;5;3m +0ms[39m
[32m[Nest] 47168  - [39m12/31/2025, 10:44:34 AM [32m    LOG[39m [38;5;3m[RouterExplorer] [39m[32mMapped {/time-tracking/break/end, POST} route[39m[38;5;3m +0ms[39m
[32m[Nest] 47168  - [39m12/31/2025, 10:44:34 AM [32m    LOG[39m [38;5;3m[RouterExplorer] [39m[32mMapped {/time-tracking/status, GET} route[39m[38;5;3m +0ms[39m
[32m[Nest] 47168  - [39m12/31/2025, 10:44:34 AM [32m    LOG[39m [38;5;3m[RouterExplorer] [39m[32mMapped {/time-tracking/timesheets, GET} route[39m[38;5;3m +0ms[39m
[32m[Nest] 47168  - [39m12/31/2025, 10:44:34 AM [32m    LOG[39m [38;5;3m[RouterExplorer] [39m[32mMapped {/time-tracking/timesheets/:id, PATCH} route[39m[38;5;3m +0ms[39m
[32m[Nest] 47168  - [39m12/31/2025, 10:44:34 AM [32m    LOG[39m [38;5;3m[RouterExplorer] [39m[32mMapped {/time-tracking/timesheets/:id, DELETE} route[39m[38;5;3m +0ms[39m
[32m[Nest] 47168  - [39m12/31/2025, 10:44:34 AM [32m    LOG[39m [38;5;3m[RouterExplorer] [39m[32mMapped {/time-tracking/timesheets/:id/restore, POST} route[39m[38;5;3m +0ms[39m
[32m[Nest] 47168  - [39m12/31/2025, 10:44:34 AM [32m    LOG[39m [38;5;3m[RoutesResolver] [39m[32mLeaveController {/leave}:[39m[38;5;3m +0ms[39m
[32m[Nest] 47168  - [39m12/31/2025, 10:44:34 AM [32m    LOG[39m [38;5;3m[RouterExplorer] [39m[32mMapped {/leave/types, POST} route[39m[38;5;3m +0ms[39m
[32m[Nest] 47168  - [39m12/31/2025, 10:44:34 AM [32m    LOG[39m [38;5;3m[RouterExplorer] [39m[32mMapped {/leave/calculate-hours, GET} route[39m[38;5;3m +0ms[39m
[32m[Nest] 47168  - [39m12/31/2025, 10:44:34 AM [32m    LOG[39m [38;5;3m[RouterExplorer] [39m[32mMapped {/leave/types/:businessId, GET} route[39m[38;5;3m +0ms[39m
[32m[Nest] 47168  - [39m12/31/2025, 10:44:34 AM [32m    LOG[39m [38;5;3m[RouterExplorer] [39m[32mMapped {/leave/types/:id, PUT} route[39m[38;5;3m +0ms[39m
[32m[Nest] 47168  - [39m12/31/2025, 10:44:34 AM [32m    LOG[39m [38;5;3m[RouterExplorer] [39m[32mMapped {/leave/balance, POST} route[39m[38;5;3m +0ms[39m
[32m[Nest] 47168  - [39m12/31/2025, 10:44:34 AM [32m    LOG[39m [38;5;3m[RouterExplorer] [39m[32mMapped {/leave/balance, GET} route[39m[38;5;3m +0ms[39m
[32m[Nest] 47168  - [39m12/31/2025, 10:44:34 AM [32m    LOG[39m [38;5;3m[RouterExplorer] [39m[32mMapped {/leave/request, POST} route[39m[38;5;3m +0ms[39m
[32m[Nest] 47168  - [39m12/31/2025, 10:44:34 AM [32m    LOG[39m [38;5;3m[RouterExplorer] [39m[32mMapped {/leave/requests, GET} route[39m[38;5;3m +0ms[39m
[32m[Nest] 47168  - [39m12/31/2025, 10:44:34 AM [32m    LOG[39m [38;5;3m[RouterExplorer] [39m[32mMapped {/leave/my-requests, GET} route[39m[38;5;3m +0ms[39m
[32m[Nest] 47168  - [39m12/31/2025, 10:44:34 AM [32m    LOG[39m [38;5;3m[RouterExplorer] [39m[32mMapped {/leave/requests/:id/status, PUT} route[39m[38;5;3m +1ms[39m
[32m[Nest] 47168  - [39m12/31/2025, 10:44:34 AM [32m    LOG[39m [38;5;3m[RouterExplorer] [39m[32mMapped {/leave/requests/:id, PUT} route[39m[38;5;3m +0ms[39m
[32m[Nest] 47168  - [39m12/31/2025, 10:44:34 AM [32m    LOG[39m [38;5;3m[RouterExplorer] [39m[32mMapped {/leave/accrue, POST} route[39m[38;5;3m +0ms[39m
[32m[Nest] 47168  - [39m12/31/2025, 10:44:34 AM [32m    LOG[39m [38;5;3m[RouterExplorer] [39m[32mMapped {/leave/accrue/payroll, POST} route[39m[38;5;3m +0ms[39m
[32m[Nest] 47168  - [39m12/31/2025, 10:44:34 AM [32m    LOG[39m [38;5;3m[RoutesResolver] [39m[32mLoansController {/loans}:[39m[38;5;3m +0ms[39m
[32m[Nest] 47168  - [39m12/31/2025, 10:44:34 AM [32m    LOG[39m [38;5;3m[RouterExplorer] [39m[32mMapped {/loans, POST} route[39m[38;5;3m +0ms[39m
[32m[Nest] 47168  - [39m12/31/2025, 10:44:34 AM [32m    LOG[39m [38;5;3m[RouterExplorer] [39m[32mMapped {/loans, GET} route[39m[38;5;3m +0ms[39m
[32m[Nest] 47168  - [39m12/31/2025, 10:44:34 AM [32m    LOG[39m [38;5;3m[RouterExplorer] [39m[32mMapped {/loans/my-loans, GET} route[39m[38;5;3m +0ms[39m
[32m[Nest] 47168  - [39m12/31/2025, 10:44:34 AM [32m    LOG[39m [38;5;3m[RouterExplorer] [39m[32mMapped {/loans/:id, GET} route[39m[38;5;3m +0ms[39m
[32m[Nest] 47168  - [39m12/31/2025, 10:44:34 AM [32m    LOG[39m [38;5;3m[RouterExplorer] [39m[32mMapped {/loans/:id/approve, PATCH} route[39m[38;5;3m +0ms[39m
[32m[Nest] 47168  - [39m12/31/2025, 10:44:34 AM [32m    LOG[39m [38;5;3m[RouterExplorer] [39m[32mMapped {/loans/:id/reject, PATCH} route[39m[38;5;3m +0ms[39m
[32m[Nest] 47168  - [39m12/31/2025, 10:44:34 AM [32m    LOG[39m [38;5;3m[RoutesResolver] [39m[32mInvoicesController {/invoices}:[39m[38;5;3m +0ms[39m
[32m[Nest] 47168  - [39m12/31/2025, 10:44:34 AM [32m    LOG[39m [38;5;3m[RouterExplorer] [39m[32mMapped {/invoices/clients, POST} route[39m[38;5;3m +0ms[39m
[32m[Nest] 47168  - [39m12/31/2025, 10:44:34 AM [32m    LOG[39m [38;5;3m[RouterExplorer] [39m[32mMapped {/invoices/clients, GET} route[39m[38;5;3m +0ms[39m
[32m[Nest] 47168  - [39m12/31/2025, 10:44:34 AM [32m    LOG[39m [38;5;3m[RouterExplorer] [39m[32mMapped {/invoices, POST} route[39m[38;5;3m +0ms[39m
[32m[Nest] 47168  - [39m12/31/2025, 10:44:34 AM [32m    LOG[39m [38;5;3m[RouterExplorer] [39m[32mMapped {/invoices/:id, PATCH} route[39m[38;5;3m +0ms[39m
[32m[Nest] 47168  - [39m12/31/2025, 10:44:34 AM [32m    LOG[39m [38;5;3m[RouterExplorer] [39m[32mMapped {/invoices/:id/send, POST} route[39m[38;5;3m +0ms[39m
[32m[Nest] 47168  - [39m12/31/2025, 10:44:34 AM [32m    LOG[39m [38;5;3m[RouterExplorer] [39m[32mMapped {/invoices, GET} route[39m[38;5;3m +0ms[39m
[32m[Nest] 47168  - [39m12/31/2025, 10:44:34 AM [32m    LOG[39m [38;5;3m[RouterExplorer] [39m[32mMapped {/invoices/client/:clientId, GET} route[39m[38;5;3m +0ms[39m
[32m[Nest] 47168  - [39m12/31/2025, 10:44:34 AM [32m    LOG[39m [38;5;3m[RouterExplorer] [39m[32mMapped {/invoices/:id, GET} route[39m[38;5;3m +0ms[39m
[32m[Nest] 47168  - [39m12/31/2025, 10:44:34 AM [32m    LOG[39m [38;5;3m[RoutesResolver] [39m[32mReportsController {/reports}:[39m[38;5;3m +0ms[39m
[32m[Nest] 47168  - [39m12/31/2025, 10:44:34 AM [32m    LOG[39m [38;5;3m[RouterExplorer] [39m[32mMapped {/reports/dashboard-stats, GET} route[39m[38;5;3m +0ms[39m
[32m[Nest] 47168  - [39m12/31/2025, 10:44:34 AM [32m    LOG[39m [38;5;3m[RouterExplorer] [39m[32mMapped {/reports/payroll-summary, GET} route[39m[38;5;3m +0ms[39m
[32m[Nest] 47168  - [39m12/31/2025, 10:44:34 AM [32m    LOG[39m [38;5;3m[RouterExplorer] [39m[32mMapped {/reports/labor-cost, GET} route[39m[38;5;3m +0ms[39m
[32m[Nest] 47168  - [39m12/31/2025, 10:44:34 AM [32m    LOG[39m [38;5;3m[RouterExplorer] [39m[32mMapped {/reports/attendance, GET} route[39m[38;5;3m +0ms[39m
[32m[Nest] 47168  - [39m12/31/2025, 10:44:34 AM [32m    LOG[39m [38;5;3m[RoutesResolver] [39m[32mAuditController {/audit}:[39m[38;5;3m +0ms[39m
[32m[Nest] 47168  - [39m12/31/2025, 10:44:34 AM [32m    LOG[39m [38;5;3m[RouterExplorer] [39m[32mMapped {/audit, GET} route[39m[38;5;3m +1ms[39m
[32m[Nest] 47168  - [39m12/31/2025, 10:44:34 AM [32m    LOG[39m [38;5;3m[RoutesResolver] [39m[32mEmployeesController {/employees}:[39m[38;5;3m +0ms[39m
[32m[Nest] 47168  - [39m12/31/2025, 10:44:34 AM [32m    LOG[39m [38;5;3m[RouterExplorer] [39m[32mMapped {/employees, GET} route[39m[38;5;3m +0ms[39m
[32m[Nest] 47168  - [39m12/31/2025, 10:44:34 AM [32m    LOG[39m [38;5;3m[RouterExplorer] [39m[32mMapped {/employees/qualifications/expiring, GET} route[39m[38;5;3m +0ms[39m
[32m[Nest] 47168  - [39m12/31/2025, 10:44:34 AM [32m    LOG[39m [38;5;3m[RouterExplorer] [39m[32mMapped {/employees/qualifications/all, GET} route[39m[38;5;3m +0ms[39m
[32m[Nest] 47168  - [39m12/31/2025, 10:44:34 AM [32m    LOG[39m [38;5;3m[RouterExplorer] [39m[32mMapped {/employees/availability/all, GET} route[39m[38;5;3m +1ms[39m
[32m[Nest] 47168  - [39m12/31/2025, 10:44:34 AM [32m    LOG[39m [38;5;3m[RouterExplorer] [39m[32mMapped {/employees/:id, GET} route[39m[38;5;3m +0ms[39m
[32m[Nest] 47168  - [39m12/31/2025, 10:44:34 AM [32m    LOG[39m [38;5;3m[RouterExplorer] [39m[32mMapped {/employees, POST} route[39m[38;5;3m +0ms[39m
[32m[Nest] 47168  - [39m12/31/2025, 10:44:34 AM [32m    LOG[39m [38;5;3m[RouterExplorer] [39m[32mMapped {/employees/:id, PATCH} route[39m[38;5;3m +0ms[39m
[32m[Nest] 47168  - [39m12/31/2025, 10:44:34 AM [32m    LOG[39m [38;5;3m[RouterExplorer] [39m[32mMapped {/employees/:id/password, PATCH} route[39m[38;5;3m +0ms[39m
[32m[Nest] 47168  - [39m12/31/2025, 10:44:34 AM [32m    LOG[39m [38;5;3m[RouterExplorer] [39m[32mMapped {/employees/:id/availability, GET} route[39m[38;5;3m +0ms[39m
[32m[Nest] 47168  - [39m12/31/2025, 10:44:34 AM [32m    LOG[39m [38;5;3m[RouterExplorer] [39m[32mMapped {/employees/:id/availability, POST} route[39m[38;5;3m +0ms[39m
[32m[Nest] 47168  - [39m12/31/2025, 10:44:34 AM [32m    LOG[39m [38;5;3m[RouterExplorer] [39m[32mMapped {/employees/:id/availability/:availabilityId, PATCH} route[39m[38;5;3m +0ms[39m
[32m[Nest] 47168  - [39m12/31/2025, 10:44:34 AM [32m    LOG[39m [38;5;3m[RouterExplorer] [39m[32mMapped {/employees/:id/availability/:availabilityId, DELETE} route[39m[38;5;3m +0ms[39m
[32m[Nest] 47168  - [39m12/31/2025, 10:44:34 AM [32m    LOG[39m [38;5;3m[RouterExplorer] [39m[32mMapped {/employees/:id/qualifications, GET} route[39m[38;5;3m +0ms[39m
[32m[Nest] 47168  - [39m12/31/2025, 10:44:34 AM [32m    LOG[39m [38;5;3m[RouterExplorer] [39m[32mMapped {/employees/:id/qualifications, POST} route[39m[38;5;3m +0ms[39m
[32m[Nest] 47168  - [39m12/31/2025, 10:44:34 AM [32m    LOG[39m [38;5;3m[RouterExplorer] [39m[32mMapped {/employees/:id/qualifications/:qualificationId, PATCH} route[39m[38;5;3m +0ms[39m
[32m[Nest] 47168  - [39m12/31/2025, 10:44:34 AM [32m    LOG[39m [38;5;3m[RouterExplorer] [39m[32mMapped {/employees/:id/qualifications/:qualificationId, DELETE} route[39m[38;5;3m +0ms[39m
[32m[Nest] 47168  - [39m12/31/2025, 10:44:34 AM [32m    LOG[39m [38;5;3m[RoutesResolver] [39m[32mBusinessesController {/businesses}:[39m[38;5;3m +0ms[39m
[32m[Nest] 47168  - [39m12/31/2025, 10:44:34 AM [32m    LOG[39m [38;5;3m[RouterExplorer] [39m[32mMapped {/businesses, POST} route[39m[38;5;3m +0ms[39m
[32m[Nest] 47168  - [39m12/31/2025, 10:44:34 AM [32m    LOG[39m [38;5;3m[RouterExplorer] [39m[32mMapped {/businesses, GET} route[39m[38;5;3m +0ms[39m
[32m[Nest] 47168  - [39m12/31/2025, 10:44:34 AM [32m    LOG[39m [38;5;3m[RouterExplorer] [39m[32mMapped {/businesses/mine, GET} route[39m[38;5;3m +0ms[39m
[32m[Nest] 47168  - [39m12/31/2025, 10:44:34 AM [32m    LOG[39m [38;5;3m[RouterExplorer] [39m[32mMapped {/businesses/:id, GET} route[39m[38;5;3m +0ms[39m
[32m[Nest] 47168  - [39m12/31/2025, 10:44:34 AM [32m    LOG[39m [38;5;3m[RouterExplorer] [39m[32mMapped {/businesses/:id, PATCH} route[39m[38;5;3m +0ms[39m
[32m[Nest] 47168  - [39m12/31/2025, 10:44:34 AM [32m    LOG[39m [38;5;3m[RoutesResolver] [39m[32mLocationsController {/locations}:[39m[38;5;3m +0ms[39m
[32m[Nest] 47168  - [39m12/31/2025, 10:44:34 AM [32m    LOG[39m [38;5;3m[RouterExplorer] [39m[32mMapped {/locations, POST} route[39m[38;5;3m +1ms[39m
[32m[Nest] 47168  - [39m12/31/2025, 10:44:34 AM [32m    LOG[39m [38;5;3m[RouterExplorer] [39m[32mMapped {/locations, GET} route[39m[38;5;3m +0ms[39m
[32m[Nest] 47168  - [39m12/31/2025, 10:44:34 AM [32m    LOG[39m [38;5;3m[RouterExplorer] [39m[32mMapped {/locations/:id, GET} route[39m[38;5;3m +0ms[39m
[32m[Nest] 47168  - [39m12/31/2025, 10:44:34 AM [32m    LOG[39m [38;5;3m[RouterExplorer] [39m[32mMapped {/locations/:id, PATCH} route[39m[38;5;3m +0ms[39m
[32m[Nest] 47168  - [39m12/31/2025, 10:44:34 AM [32m    LOG[39m [38;5;3m[RouterExplorer] [39m[32mMapped {/locations/:id, DELETE} route[39m[38;5;3m +0ms[39m
[32m[Nest] 47168  - [39m12/31/2025, 10:44:34 AM [32m    LOG[39m [38;5;3m[RoutesResolver] [39m[32mClientsController {/clients}:[39m[38;5;3m +0ms[39m
[32m[Nest] 47168  - [39m12/31/2025, 10:44:34 AM [32m    LOG[39m [38;5;3m[RouterExplorer] [39m[32mMapped {/clients, POST} route[39m[38;5;3m +0ms[39m
[32m[Nest] 47168  - [39m12/31/2025, 10:44:34 AM [32m    LOG[39m [38;5;3m[RouterExplorer] [39m[32mMapped {/clients, GET} route[39m[38;5;3m +0ms[39m
[32m[Nest] 47168  - [39m12/31/2025, 10:44:34 AM [32m    LOG[39m [38;5;3m[RouterExplorer] [39m[32mMapped {/clients/:id, GET} route[39m[38;5;3m +0ms[39m
[32m[Nest] 47168  - [39m12/31/2025, 10:44:34 AM [32m    LOG[39m [38;5;3m[RouterExplorer] [39m[32mMapped {/clients/:id, PATCH} route[39m[38;5;3m +0ms[39m
[32m[Nest] 47168  - [39m12/31/2025, 10:44:34 AM [32m    LOG[39m [38;5;3m[RouterExplorer] [39m[32mMapped {/clients/:id, DELETE} route[39m[38;5;3m +0ms[39m
[32m[Nest] 47168  - [39m12/31/2025, 10:44:34 AM [32m    LOG[39m [38;5;3m[RoutesResolver] [39m[32mServicePinsController {/service-pins}:[39m[38;5;3m +0ms[39m
[32m[Nest] 47168  - [39m12/31/2025, 10:44:34 AM [32m    LOG[39m [38;5;3m[RouterExplorer] [39m[32mMapped {/service-pins, POST} route[39m[38;5;3m +0ms[39m
[32m[Nest] 47168  - [39m12/31/2025, 10:44:34 AM [32m    LOG[39m [38;5;3m[RouterExplorer] [39m[32mMapped {/service-pins/location/:locationId, GET} route[39m[38;5;3m +0ms[39m
[32m[Nest] 47168  - [39m12/31/2025, 10:44:34 AM [32m    LOG[39m [38;5;3m[RouterExplorer] [39m[32mMapped {/service-pins/:id, GET} route[39m[38;5;3m +0ms[39m
[32m[Nest] 47168  - [39m12/31/2025, 10:44:34 AM [32m    LOG[39m [38;5;3m[RouterExplorer] [39m[32mMapped {/service-pins/:id, PATCH} route[39m[38;5;3m +0ms[39m
[32m[Nest] 47168  - [39m12/31/2025, 10:44:34 AM [32m    LOG[39m [38;5;3m[RouterExplorer] [39m[32mMapped {/service-pins/:id, DELETE} route[39m[38;5;3m +0ms[39m
[32m[Nest] 47168  - [39m12/31/2025, 10:44:34 AM [32m    LOG[39m [38;5;3m[RoutesResolver] [39m[32mPatrolLogsController {/patrol-logs}:[39m[38;5;3m +0ms[39m
[32m[Nest] 47168  - [39m12/31/2025, 10:44:34 AM [32m    LOG[39m [38;5;3m[RouterExplorer] [39m[32mMapped {/patrol-logs, POST} route[39m[38;5;3m +0ms[39m
[32m[Nest] 47168  - [39m12/31/2025, 10:44:34 AM [32m    LOG[39m [38;5;3m[RouterExplorer] [39m[32mMapped {/patrol-logs/pin/:servicePinId, GET} route[39m[38;5;3m +0ms[39m
[32m[Nest] 47168  - [39m12/31/2025, 10:44:34 AM [32m    LOG[39m [38;5;3m[RouterExplorer] [39m[32mMapped {/patrol-logs/location/:locationId, GET} route[39m[38;5;3m +0ms[39m
[32m[Nest] 47168  - [39m12/31/2025, 10:44:34 AM [32m    LOG[39m [38;5;3m[RouterExplorer] [39m[32mMapped {/patrol-logs, GET} route[39m[38;5;3m +0ms[39m
[32m[Nest] 47168  - [39m12/31/2025, 10:44:34 AM [32m    LOG[39m [38;5;3m[RoutesResolver] [39m[32mUploadsController {/uploads}:[39m[38;5;3m +0ms[39m
[32m[Nest] 47168  - [39m12/31/2025, 10:44:34 AM [32m    LOG[39m [38;5;3m[RouterExplorer] [39m[32mMapped {/uploads, POST} route[39m[38;5;3m +0ms[39m
[32m[Nest] 47168  - [39m12/31/2025, 10:44:34 AM [32m    LOG[39m [38;5;3m[RouterExplorer] [39m[32mMapped {/uploads/:filename, GET} route[39m[38;5;3m +0ms[39m
[32m[Nest] 47168  - [39m12/31/2025, 10:44:34 AM [32m    LOG[39m [38;5;3m[RoutesResolver] [39m[32mDepartmentsController {/departments}:[39m[38;5;3m +0ms[39m
[32m[Nest] 47168  - [39m12/31/2025, 10:44:34 AM [32m    LOG[39m [38;5;3m[RouterExplorer] [39m[32mMapped {/departments, POST} route[39m[38;5;3m +0ms[39m
[32m[Nest] 47168  - [39m12/31/2025, 10:44:34 AM [32m    LOG[39m [38;5;3m[RouterExplorer] [39m[32mMapped {/departments, GET} route[39m[38;5;3m +0ms[39m
[32m[Nest] 47168  - [39m12/31/2025, 10:44:34 AM [32m    LOG[39m [38;5;3m[RouterExplorer] [39m[32mMapped {/departments/:id, GET} route[39m[38;5;3m +0ms[39m
[32m[Nest] 47168  - [39m12/31/2025, 10:44:34 AM [32m    LOG[39m [38;5;3m[RouterExplorer] [39m[32mMapped {/departments/:id/members, GET} route[39m[38;5;3m +0ms[39m
[32m[Nest] 47168  - [39m12/31/2025, 10:44:34 AM [32m    LOG[39m [38;5;3m[RouterExplorer] [39m[32mMapped {/departments/:id/members, POST} route[39m[38;5;3m +0ms[39m
[32m[Nest] 47168  - [39m12/31/2025, 10:44:34 AM [32m    LOG[39m [38;5;3m[RouterExplorer] [39m[32mMapped {/departments/:id/members/:employeeId, DELETE} route[39m[38;5;3m +0ms[39m
[32m[Nest] 47168  - [39m12/31/2025, 10:44:34 AM [32m    LOG[39m [38;5;3m[RouterExplorer] [39m[32mMapped {/departments/:id/manager, POST} route[39m[38;5;3m +0ms[39m
[32m[Nest] 47168  - [39m12/31/2025, 10:44:34 AM [32m    LOG[39m [38;5;3m[RouterExplorer] [39m[32mMapped {/departments/:id/manager, DELETE} route[39m[38;5;3m +1ms[39m
[32m[Nest] 47168  - [39m12/31/2025, 10:44:34 AM [32m    LOG[39m [38;5;3m[RouterExplorer] [39m[32mMapped {/departments/:id, PATCH} route[39m[38;5;3m +0ms[39m
[32m[Nest] 47168  - [39m12/31/2025, 10:44:34 AM [32m    LOG[39m [38;5;3m[RouterExplorer] [39m[32mMapped {/departments/:id, DELETE} route[39m[38;5;3m +0ms[39m
[32m[Nest] 47168  - [39m12/31/2025, 10:44:34 AM [32m    LOG[39m [38;5;3m[RoutesResolver] [39m[32mRolesController {/roles}:[39m[38;5;3m +0ms[39m
[32m[Nest] 47168  - [39m12/31/2025, 10:44:34 AM [32m    LOG[39m [38;5;3m[RouterExplorer] [39m[32mMapped {/roles, POST} route[39m[38;5;3m +0ms[39m
[32m[Nest] 47168  - [39m12/31/2025, 10:44:34 AM [32m    LOG[39m [38;5;3m[RouterExplorer] [39m[32mMapped {/roles, GET} route[39m[38;5;3m +0ms[39m
[32m[Nest] 47168  - [39m12/31/2025, 10:44:34 AM [32m    LOG[39m [38;5;3m[RouterExplorer] [39m[32mMapped {/roles/:id, GET} route[39m[38;5;3m +0ms[39m
[32m[Nest] 47168  - [39m12/31/2025, 10:44:34 AM [32m    LOG[39m [38;5;3m[RouterExplorer] [39m[32mMapped {/roles/:id/members, GET} route[39m[38;5;3m +0ms[39m
[32m[Nest] 47168  - [39m12/31/2025, 10:44:34 AM [32m    LOG[39m [38;5;3m[RouterExplorer] [39m[32mMapped {/roles/:id/members, POST} route[39m[38;5;3m +0ms[39m
[32m[Nest] 47168  - [39m12/31/2025, 10:44:34 AM [32m    LOG[39m [38;5;3m[RouterExplorer] [39m[32mMapped {/roles/:id/members/:employeeId, DELETE} route[39m[38;5;3m +0ms[39m
[32m[Nest] 47168  - [39m12/31/2025, 10:44:34 AM [32m    LOG[39m [38;5;3m[RouterExplorer] [39m[32mMapped {/roles/:id, PATCH} route[39m[38;5;3m +0ms[39m
[32m[Nest] 47168  - [39m12/31/2025, 10:44:34 AM [32m    LOG[39m [38;5;3m[RouterExplorer] [39m[32mMapped {/roles/:id, DELETE} route[39m[38;5;3m +0ms[39m
[32m[Nest] 47168  - [39m12/31/2025, 10:44:34 AM [32m    LOG[39m [38;5;3m[RoutesResolver] [39m[32mAnnouncementsController {/announcements}:[39m[38;5;3m +0ms[39m
[32m[Nest] 47168  - [39m12/31/2025, 10:44:34 AM [32m    LOG[39m [38;5;3m[RouterExplorer] [39m[32mMapped {/announcements, POST} route[39m[38;5;3m +0ms[39m
[32m[Nest] 47168  - [39m12/31/2025, 10:44:34 AM [32m    LOG[39m [38;5;3m[RouterExplorer] [39m[32mMapped {/announcements, GET} route[39m[38;5;3m +0ms[39m
[32m[Nest] 47168  - [39m12/31/2025, 10:44:34 AM [32m    LOG[39m [38;5;3m[RouterExplorer] [39m[32mMapped {/announcements/:id, PATCH} route[39m[38;5;3m +0ms[39m
[32m[Nest] 47168  - [39m12/31/2025, 10:44:34 AM [32m    LOG[39m [38;5;3m[RouterExplorer] [39m[32mMapped {/announcements/:id/read, POST} route[39m[38;5;3m +0ms[39m
[32m[Nest] 47168  - [39m12/31/2025, 10:44:34 AM [32m    LOG[39m [38;5;3m[RouterExplorer] [39m[32mMapped {/announcements/:id, DELETE} route[39m[38;5;3m +0ms[39m
[32m[Nest] 47168  - [39m12/31/2025, 10:44:34 AM [32m    LOG[39m [38;5;3m[RoutesResolver] [39m[32mEmailCampaignsController {/email-campaigns}:[39m[38;5;3m +0ms[39m
[32m[Nest] 47168  - [39m12/31/2025, 10:44:34 AM [32m    LOG[39m [38;5;3m[RouterExplorer] [39m[32mMapped {/email-campaigns, POST} route[39m[38;5;3m +0ms[39m
[32m[Nest] 47168  - [39m12/31/2025, 10:44:34 AM [32m    LOG[39m [38;5;3m[RouterExplorer] [39m[32mMapped {/email-campaigns, GET} route[39m[38;5;3m +0ms[39m
[32m[Nest] 47168  - [39m12/31/2025, 10:44:34 AM [32m    LOG[39m [38;5;3m[RouterExplorer] [39m[32mMapped {/email-campaigns/:id, GET} route[39m[38;5;3m +0ms[39m
[32m[Nest] 47168  - [39m12/31/2025, 10:44:34 AM [32m    LOG[39m [38;5;3m[RouterExplorer] [39m[32mMapped {/email-campaigns/:id/send, POST} route[39m[38;5;3m +0ms[39m
[32m[Nest] 47168  - [39m12/31/2025, 10:44:34 AM [32m    LOG[39m [38;5;3m[RouterExplorer] [39m[32mMapped {/email-campaigns/:id, DELETE} route[39m[38;5;3m +0ms[39m
[32m[Nest] 47168  - [39m12/31/2025, 10:44:34 AM [32m    LOG[39m [38;5;3m[RoutesResolver] [39m[32mEmailTemplatesController {/email-templates}:[39m[38;5;3m +0ms[39m
[32m[Nest] 47168  - [39m12/31/2025, 10:44:34 AM [32m    LOG[39m [38;5;3m[RouterExplorer] [39m[32mMapped {/email-templates, POST} route[39m[38;5;3m +0ms[39m
[32m[Nest] 47168  - [39m12/31/2025, 10:44:34 AM [32m    LOG[39m [38;5;3m[RouterExplorer] [39m[32mMapped {/email-templates, GET} route[39m[38;5;3m +0ms[39m
[32m[Nest] 47168  - [39m12/31/2025, 10:44:34 AM [32m    LOG[39m [38;5;3m[RouterExplorer] [39m[32mMapped {/email-templates/:id, GET} route[39m[38;5;3m +0ms[39m
[32m[Nest] 47168  - [39m12/31/2025, 10:44:34 AM [32m    LOG[39m [38;5;3m[RouterExplorer] [39m[32mMapped {/email-templates/:id, PATCH} route[39m[38;5;3m +0ms[39m
[32m[Nest] 47168  - [39m12/31/2025, 10:44:34 AM [32m    LOG[39m [38;5;3m[RouterExplorer] [39m[32mMapped {/email-templates/:id, DELETE} route[39m[38;5;3m +1ms[39m
[32m[Nest] 47168  - [39m12/31/2025, 10:44:34 AM [32m    LOG[39m [38;5;3m[RoutesResolver] [39m[32mIncidentReportsController {/incident-reports}:[39m[38;5;3m +0ms[39m
[32m[Nest] 47168  - [39m12/31/2025, 10:44:34 AM [32m    LOG[39m [38;5;3m[RouterExplorer] [39m[32mMapped {/incident-reports, POST} route[39m[38;5;3m +0ms[39m
[32m[Nest] 47168  - [39m12/31/2025, 10:44:34 AM [32m    LOG[39m [38;5;3m[RouterExplorer] [39m[32mMapped {/incident-reports, GET} route[39m[38;5;3m +0ms[39m
[32m[Nest] 47168  - [39m12/31/2025, 10:44:34 AM [32m    LOG[39m [38;5;3m[RouterExplorer] [39m[32mMapped {/incident-reports/:id, GET} route[39m[38;5;3m +0ms[39m
[32m[Nest] 47168  - [39m12/31/2025, 10:44:34 AM [32m    LOG[39m [38;5;3m[RouterExplorer] [39m[32mMapped {/incident-reports/:id, PATCH} route[39m[38;5;3m +0ms[39m
[32m[Nest] 47168  - [39m12/31/2025, 10:44:34 AM [32m    LOG[39m [38;5;3m[RouterExplorer] [39m[32mMapped {/incident-reports/:id, DELETE} route[39m[38;5;3m +0ms[39m
[32m[Nest] 47168  - [39m12/31/2025, 10:44:34 AM [32m    LOG[39m [38;5;3m[RoutesResolver] [39m[32mAssetsController {/assets}:[39m[38;5;3m +0ms[39m
[32m[Nest] 47168  - [39m12/31/2025, 10:44:34 AM [32m    LOG[39m [38;5;3m[RouterExplorer] [39m[32mMapped {/assets, POST} route[39m[38;5;3m +0ms[39m
[32m[Nest] 47168  - [39m12/31/2025, 10:44:34 AM [32m    LOG[39m [38;5;3m[RouterExplorer] [39m[32mMapped {/assets/:id/assign, POST} route[39m[38;5;3m +0ms[39m
[32m[Nest] 47168  - [39m12/31/2025, 10:44:34 AM [32m    LOG[39m [38;5;3m[RouterExplorer] [39m[32mMapped {/assets/:id/return, POST} route[39m[38;5;3m +0ms[39m
[32m[Nest] 47168  - [39m12/31/2025, 10:44:34 AM [32m    LOG[39m [38;5;3m[RouterExplorer] [39m[32mMapped {/assets/:id/history, GET} route[39m[38;5;3m +0ms[39m
[32m[Nest] 47168  - [39m12/31/2025, 10:44:34 AM [32m    LOG[39m [38;5;3m[RouterExplorer] [39m[32mMapped {/assets, GET} route[39m[38;5;3m +0ms[39m
[32m[Nest] 47168  - [39m12/31/2025, 10:44:34 AM [32m    LOG[39m [38;5;3m[RouterExplorer] [39m[32mMapped {/assets/:id, GET} route[39m[38;5;3m +0ms[39m
[32m[Nest] 47168  - [39m12/31/2025, 10:44:34 AM [32m    LOG[39m [38;5;3m[RouterExplorer] [39m[32mMapped {/assets/:id, PATCH} route[39m[38;5;3m +0ms[39m
[32m[Nest] 47168  - [39m12/31/2025, 10:44:34 AM [32m    LOG[39m [38;5;3m[RouterExplorer] [39m[32mMapped {/assets/:id, DELETE} route[39m[38;5;3m +0ms[39m
[32m[Nest] 47168  - [39m12/31/2025, 10:44:34 AM [32m    LOG[39m [38;5;3m[RoutesResolver] [39m[32mPaymentsController {/payments}:[39m[38;5;3m +0ms[39m
[32m[Nest] 47168  - [39m12/31/2025, 10:44:34 AM [32m    LOG[39m [38;5;3m[RouterExplorer] [39m[32mMapped {/payments, POST} route[39m[38;5;3m +0ms[39m
[32m[Nest] 47168  - [39m12/31/2025, 10:44:34 AM [32m    LOG[39m [38;5;3m[RouterExplorer] [39m[32mMapped {/payments, GET} route[39m[38;5;3m +0ms[39m
[32m[Nest] 47168  - [39m12/31/2025, 10:44:34 AM [32m    LOG[39m [38;5;3m[RouterExplorer] [39m[32mMapped {/payments/:id, GET} route[39m[38;5;3m +0ms[39m
[32m[Nest] 47168  - [39m12/31/2025, 10:44:34 AM [32m    LOG[39m [38;5;3m[NestApplication] [39m[32mNest application successfully started[39m[38;5;3m +17ms[39m
Application is running on: http://localhost:3002
[2J[3J[H[[90m10:49:09 AM[0m] File change detected. Starting incremental compilation...

[[90m10:49:09 AM[0m] Found 0 errors. Watching for file changes.

[32m[Nest] 51694  - [39m12/31/2025, 10:49:10 AM [32m    LOG[39m [38;5;3m[NestFactory] [39m[32mStarting Nest application...[39m
[32m[Nest] 51694  - [39m12/31/2025, 10:49:10 AM [32m    LOG[39m [38;5;3m[InstanceLoader] [39m[32mPassportModule dependencies initialized[39m[38;5;3m +37ms[39m
[32m[Nest] 51694  - [39m12/31/2025, 10:49:10 AM [32m    LOG[39m [38;5;3m[InstanceLoader] [39m[32mConfigHostModule dependencies initialized[39m[38;5;3m +46ms[39m
[32m[Nest] 51694  - [39m12/31/2025, 10:49:10 AM [32m    LOG[39m [38;5;3m[InstanceLoader] [39m[32mThrottlerModule dependencies initialized[39m[38;5;3m +0ms[39m
[32m[Nest] 51694  - [39m12/31/2025, 10:49:10 AM [32m    LOG[39m [38;5;3m[InstanceLoader] [39m[32mUsersModule dependencies initialized[39m[38;5;3m +0ms[39m
[32m[Nest] 51694  - [39m12/31/2025, 10:49:10 AM [32m    LOG[39m [38;5;3m[InstanceLoader] [39m[32mDiscoveryModule dependencies initialized[39m[38;5;3m +0ms[39m
[32m[Nest] 51694  - [39m12/31/2025, 10:49:10 AM [32m    LOG[39m [38;5;3m[InstanceLoader] [39m[32mConfigModule dependencies initialized[39m[38;5;3m +1ms[39m
[32m[Nest] 51694  - [39m12/31/2025, 10:49:10 AM [32m    LOG[39m [38;5;3m[InstanceLoader] [39m[32mConfigModule dependencies initialized[39m[38;5;3m +0ms[39m
[32m[Nest] 51694  - [39m12/31/2025, 10:49:10 AM [32m    LOG[39m [38;5;3m[InstanceLoader] [39m[32mScheduleModule dependencies initialized[39m[38;5;3m +0ms[39m
[32m[Nest] 51694  - [39m12/31/2025, 10:49:10 AM [32m    LOG[39m [38;5;3m[InstanceLoader] [39m[32mJwtModule dependencies initialized[39m[38;5;3m +1ms[39m
[32m[Nest] 51694  - [39m12/31/2025, 10:49:10 AM [32m    LOG[39m [38;5;3m[InstanceLoader] [39m[32mJwtModule dependencies initialized[39m[38;5;3m +0ms[39m
[32m[Nest] 51694  - [39m12/31/2025, 10:49:10 AM [32m    LOG[39m [38;5;3m[InstanceLoader] [39m[32mUploadsModule dependencies initialized[39m[38;5;3m +0ms[39m
[32m[Nest] 51694  - [39m12/31/2025, 10:49:10 AM [32m    LOG[39m [38;5;3m[InstanceLoader] [39m[32mAppModule dependencies initialized[39m[38;5;3m +0ms[39m
[32m[Nest] 51694  - [39m12/31/2025, 10:49:10 AM [32m    LOG[39m [38;5;3m[InstanceLoader] [39m[32mAuditModule dependencies initialized[39m[38;5;3m +0ms[39m
[32m[Nest] 51694  - [39m12/31/2025, 10:49:10 AM [32m    LOG[39m [38;5;3m[InstanceLoader] [39m[32mPushModule dependencies initialized[39m[38;5;3m +0ms[39m
[32m[Nest] 51694  - [39m12/31/2025, 10:49:10 AM [32m    LOG[39m [38;5;3m[InstanceLoader] [39m[32mTimeTrackingModule dependencies initialized[39m[38;5;3m +0ms[39m
[32m[Nest] 51694  - [39m12/31/2025, 10:49:10 AM [32m    LOG[39m [38;5;3m[InstanceLoader] [39m[32mLeaveModule dependencies initialized[39m[38;5;3m +1ms[39m
[32m[Nest] 51694  - [39m12/31/2025, 10:49:10 AM [32m    LOG[39m [38;5;3m[InstanceLoader] [39m[32mLoansModule dependencies initialized[39m[38;5;3m +0ms[39m
[32m[Nest] 51694  - [39m12/31/2025, 10:49:10 AM [32m    LOG[39m [38;5;3m[InstanceLoader] [39m[32mInvoicesModule dependencies initialized[39m[38;5;3m +0ms[39m
[32m[Nest] 51694  - [39m12/31/2025, 10:49:10 AM [32m    LOG[39m [38;5;3m[InstanceLoader] [39m[32mReportsModule dependencies initialized[39m[38;5;3m +0ms[39m
[32m[Nest] 51694  - [39m12/31/2025, 10:49:10 AM [32m    LOG[39m [38;5;3m[InstanceLoader] [39m[32mBusinessesModule dependencies initialized[39m[38;5;3m +0ms[39m
[32m[Nest] 51694  - [39m12/31/2025, 10:49:10 AM [32m    LOG[39m [38;5;3m[InstanceLoader] [39m[32mLocationsModule dependencies initialized[39m[38;5;3m +0ms[39m
[32m[Nest] 51694  - [39m12/31/2025, 10:49:10 AM [32m    LOG[39m [38;5;3m[InstanceLoader] [39m[32mClientsModule dependencies initialized[39m[38;5;3m +0ms[39m
[32m[Nest] 51694  - [39m12/31/2025, 10:49:10 AM [32m    LOG[39m [38;5;3m[InstanceLoader] [39m[32mServicePinsModule dependencies initialized[39m[38;5;3m +0ms[39m
[32m[Nest] 51694  - [39m12/31/2025, 10:49:10 AM [32m    LOG[39m [38;5;3m[InstanceLoader] [39m[32mPatrolLogsModule dependencies initialized[39m[38;5;3m +0ms[39m
[32m[Nest] 51694  - [39m12/31/2025, 10:49:10 AM [32m    LOG[39m [38;5;3m[InstanceLoader] [39m[32mIncidentReportsModule dependencies initialized[39m[38;5;3m +0ms[39m
[32m[Nest] 51694  - [39m12/31/2025, 10:49:10 AM [32m    LOG[39m [38;5;3m[InstanceLoader] [39m[32mAssetsModule dependencies initialized[39m[38;5;3m +0ms[39m
[32m[Nest] 51694  - [39m12/31/2025, 10:49:10 AM [32m    LOG[39m [38;5;3m[InstanceLoader] [39m[32mPaymentsModule dependencies initialized[39m[38;5;3m +0ms[39m
[32m[Nest] 51694  - [39m12/31/2025, 10:49:10 AM [32m    LOG[39m [38;5;3m[InstanceLoader] [39m[32mDepartmentsModule dependencies initialized[39m[38;5;3m +0ms[39m
[32m[Nest] 51694  - [39m12/31/2025, 10:49:10 AM [32m    LOG[39m [38;5;3m[InstanceLoader] [39m[32mRolesModule dependencies initialized[39m[38;5;3m +0ms[39m
[32m[Nest] 51694  - [39m12/31/2025, 10:49:10 AM [32m    LOG[39m [38;5;3m[InstanceLoader] [39m[32mAnnouncementsModule dependencies initialized[39m[38;5;3m +0ms[39m
[32m[Nest] 51694  - [39m12/31/2025, 10:49:10 AM [32m    LOG[39m [38;5;3m[InstanceLoader] [39m[32mEmailTemplatesModule dependencies initialized[39m[38;5;3m +0ms[39m
[32m[Nest] 51694  - [39m12/31/2025, 10:49:10 AM [32m    LOG[39m [38;5;3m[InstanceLoader] [39m[32mNotificationsModule dependencies initialized[39m[38;5;3m +0ms[39m
[32m[Nest] 51694  - [39m12/31/2025, 10:49:10 AM [32m    LOG[39m [38;5;3m[InstanceLoader] [39m[32mEmailCampaignsModule dependencies initialized[39m[38;5;3m +0ms[39m
[32m[Nest] 51694  - [39m12/31/2025, 10:49:10 AM [32m    LOG[39m [38;5;3m[InstanceLoader] [39m[32mPayrollModule dependencies initialized[39m[38;5;3m +0ms[39m
[32m[Nest] 51694  - [39m12/31/2025, 10:49:10 AM [32m    LOG[39m [38;5;3m[InstanceLoader] [39m[32mEmployeesModule dependencies initialized[39m[38;5;3m +0ms[39m
[32m[Nest] 51694  - [39m12/31/2025, 10:49:10 AM [32m    LOG[39m [38;5;3m[InstanceLoader] [39m[32mSchedulingModule dependencies initialized[39m[38;5;3m +0ms[39m
[32m[Nest] 51694  - [39m12/31/2025, 10:49:10 AM [32m    LOG[39m [38;5;3m[InstanceLoader] [39m[32mAuthModule dependencies initialized[39m[38;5;3m +0ms[39m
[32m[Nest] 51694  - [39m12/31/2025, 10:49:10 AM [32m    LOG[39m [38;5;3m[RoutesResolver] [39m[32mAppController {/}:[39m[38;5;3m +2ms[39m
[32m[Nest] 51694  - [39m12/31/2025, 10:49:10 AM [32m    LOG[39m [38;5;3m[RouterExplorer] [39m[32mMapped {/, GET} route[39m[38;5;3m +1ms[39m
[32m[Nest] 51694  - [39m12/31/2025, 10:49:10 AM [32m    LOG[39m [38;5;3m[RouterExplorer] [39m[32mMapped {/businesses, GET} route[39m[38;5;3m +0ms[39m
[32m[Nest] 51694  - [39m12/31/2025, 10:49:10 AM [32m    LOG[39m [38;5;3m[RoutesResolver] [39m[32mAuthController {/auth}:[39m[38;5;3m +0ms[39m
[32m[Nest] 51694  - [39m12/31/2025, 10:49:10 AM [32m    LOG[39m [38;5;3m[RouterExplorer] [39m[32mMapped {/auth/login, POST} route[39m[38;5;3m +0ms[39m
[32m[Nest] 51694  - [39m12/31/2025, 10:49:10 AM [32m    LOG[39m [38;5;3m[RouterExplorer] [39m[32mMapped {/auth/register, POST} route[39m[38;5;3m +0ms[39m
[32m[Nest] 51694  - [39m12/31/2025, 10:49:10 AM [32m    LOG[39m [38;5;3m[RouterExplorer] [39m[32mMapped {/auth/profile, GET} route[39m[38;5;3m +0ms[39m
[32m[Nest] 51694  - [39m12/31/2025, 10:49:10 AM [32m    LOG[39m [38;5;3m[RoutesResolver] [39m[32mPayrollController {/payroll}:[39m[38;5;3m +0ms[39m
[32m[Nest] 51694  - [39m12/31/2025, 10:49:10 AM [32m    LOG[39m [38;5;3m[RouterExplorer] [39m[32mMapped {/payroll/create, POST} route[39m[38;5;3m +0ms[39m
[32m[Nest] 51694  - [39m12/31/2025, 10:49:10 AM [32m    LOG[39m [38;5;3m[RouterExplorer] [39m[32mMapped {/payroll/:id/calculate, POST} route[39m[38;5;3m +1ms[39m
[32m[Nest] 51694  - [39m12/31/2025, 10:49:10 AM [32m    LOG[39m [38;5;3m[RouterExplorer] [39m[32mMapped {/payroll/:id/finalize, POST} route[39m[38;5;3m +0ms[39m
[32m[Nest] 51694  - [39m12/31/2025, 10:49:10 AM [32m    LOG[39m [38;5;3m[RouterExplorer] [39m[32mMapped {/payroll/:id, DELETE} route[39m[38;5;3m +0ms[39m
[32m[Nest] 51694  - [39m12/31/2025, 10:49:10 AM [32m    LOG[39m [38;5;3m[RouterExplorer] [39m[32mMapped {/payroll/paystub/:id, PATCH} route[39m[38;5;3m +0ms[39m
[32m[Nest] 51694  - [39m12/31/2025, 10:49:10 AM [32m    LOG[39m [38;5;3m[RouterExplorer] [39m[32mMapped {/payroll/paystubs, GET} route[39m[38;5;3m +0ms[39m
[32m[Nest] 51694  - [39m12/31/2025, 10:49:10 AM [32m    LOG[39m [38;5;3m[RouterExplorer] [39m[32mMapped {/payroll/my-paystubs, GET} route[39m[38;5;3m +0ms[39m
[32m[Nest] 51694  - [39m12/31/2025, 10:49:10 AM [32m    LOG[39m [38;5;3m[RouterExplorer] [39m[32mMapped {/payroll, GET} route[39m[38;5;3m +0ms[39m
[32m[Nest] 51694  - [39m12/31/2025, 10:49:10 AM [32m    LOG[39m [38;5;3m[RouterExplorer] [39m[32mMapped {/payroll/:id, GET} route[39m[38;5;3m +0ms[39m
[32m[Nest] 51694  - [39m12/31/2025, 10:49:10 AM [32m    LOG[39m [38;5;3m[RouterExplorer] [39m[32mMapped {/payroll/business/:businessId, GET} route[39m[38;5;3m +0ms[39m
[32m[Nest] 51694  - [39m12/31/2025, 10:49:10 AM [32m    LOG[39m [38;5;3m[RouterExplorer] [39m[32mMapped {/payroll/report/year-end, GET} route[39m[38;5;3m +0ms[39m
[32m[Nest] 51694  - [39m12/31/2025, 10:49:10 AM [32m    LOG[39m [38;5;3m[RouterExplorer] [39m[32mMapped {/payroll/report/annual, GET} route[39m[38;5;3m +0ms[39m
[32m[Nest] 51694  - [39m12/31/2025, 10:49:10 AM [32m    LOG[39m [38;5;3m[RoutesResolver] [39m[32mSchedulingController {/scheduling}:[39m[38;5;3m +0ms[39m
[32m[Nest] 51694  - [39m12/31/2025, 10:49:10 AM [32m    LOG[39m [38;5;3m[RouterExplorer] [39m[32mMapped {/scheduling/shifts, POST} route[39m[38;5;3m +0ms[39m
[32m[Nest] 51694  - [39m12/31/2025, 10:49:10 AM [32m    LOG[39m [38;5;3m[RouterExplorer] [39m[32mMapped {/scheduling/shifts, GET} route[39m[38;5;3m +1ms[39m
[32m[Nest] 51694  - [39m12/31/2025, 10:49:10 AM [32m    LOG[39m [38;5;3m[RouterExplorer] [39m[32mMapped {/scheduling/my, GET} route[39m[38;5;3m +0ms[39m
[32m[Nest] 51694  - [39m12/31/2025, 10:49:10 AM [32m    LOG[39m [38;5;3m[RouterExplorer] [39m[32mMapped {/scheduling/my-peers, GET} route[39m[38;5;3m +0ms[39m
[32m[Nest] 51694  - [39m12/31/2025, 10:49:10 AM [32m    LOG[39m [38;5;3m[RouterExplorer] [39m[32mMapped {/scheduling/shifts/:id/apply, POST} route[39m[38;5;3m +0ms[39m
[32m[Nest] 51694  - [39m12/31/2025, 10:49:10 AM [32m    LOG[39m [38;5;3m[RouterExplorer] [39m[32mMapped {/scheduling/applications/:id/approve, POST} route[39m[38;5;3m +0ms[39m
[32m[Nest] 51694  - [39m12/31/2025, 10:49:10 AM [32m    LOG[39m [38;5;3m[RouterExplorer] [39m[32mMapped {/scheduling/applications/:id/decline, POST} route[39m[38;5;3m +0ms[39m
[32m[Nest] 51694  - [39m12/31/2025, 10:49:10 AM [32m    LOG[39m [38;5;3m[RouterExplorer] [39m[32mMapped {/scheduling/shifts/:id, PUT} route[39m[38;5;3m +0ms[39m
[32m[Nest] 51694  - [39m12/31/2025, 10:49:10 AM [32m    LOG[39m [38;5;3m[RouterExplorer] [39m[32mMapped {/scheduling/shifts/:id, DELETE} route[39m[38;5;3m +0ms[39m
[32m[Nest] 51694  - [39m12/31/2025, 10:49:10 AM [32m    LOG[39m [38;5;3m[RouterExplorer] [39m[32mMapped {/scheduling/shifts/publish, POST} route[39m[38;5;3m +0ms[39m
[32m[Nest] 51694  - [39m12/31/2025, 10:49:10 AM [32m    LOG[39m [38;5;3m[RoutesResolver] [39m[32mNotificationsController {/notifications}:[39m[38;5;3m +0ms[39m
[32m[Nest] 51694  - [39m12/31/2025, 10:49:10 AM [32m    LOG[39m [38;5;3m[RouterExplorer] [39m[32mMapped {/notifications, GET} route[39m[38;5;3m +0ms[39m
[32m[Nest] 51694  - [39m12/31/2025, 10:49:10 AM [32m    LOG[39m [38;5;3m[RouterExplorer] [39m[32mMapped {/notifications/conversation/:employeeId, GET} route[39m[38;5;3m +0ms[39m
[32m[Nest] 51694  - [39m12/31/2025, 10:49:10 AM [32m    LOG[39m [38;5;3m[RouterExplorer] [39m[32mMapped {/notifications/conversation, POST} route[39m[38;5;3m +0ms[39m
[32m[Nest] 51694  - [39m12/31/2025, 10:49:10 AM [32m    LOG[39m [38;5;3m[RouterExplorer] [39m[32mMapped {/notifications/:id/read, PATCH} route[39m[38;5;3m +0ms[39m
[32m[Nest] 51694  - [39m12/31/2025, 10:49:10 AM [32m    LOG[39m [38;5;3m[RouterExplorer] [39m[32mMapped {/notifications/read-all, PATCH} route[39m[38;5;3m +0ms[39m
[32m[Nest] 51694  - [39m12/31/2025, 10:49:10 AM [32m    LOG[39m [38;5;3m[RouterExplorer] [39m[32mMapped {/notifications/:id, DELETE} route[39m[38;5;3m +0ms[39m
[32m[Nest] 51694  - [39m12/31/2025, 10:49:10 AM [32m    LOG[39m [38;5;3m[RouterExplorer] [39m[32mMapped {/notifications/stream, GET} route[39m[38;5;3m +0ms[39m
[32m[Nest] 51694  - [39m12/31/2025, 10:49:10 AM [32m    LOG[39m [38;5;3m[RoutesResolver] [39m[32mPushController {/push}:[39m[38;5;3m +0ms[39m
[32m[Nest] 51694  - [39m12/31/2025, 10:49:10 AM [32m    LOG[39m [38;5;3m[RouterExplorer] [39m[32mMapped {/push/register, POST} route[39m[38;5;3m +0ms[39m
[32m[Nest] 51694  - [39m12/31/2025, 10:49:10 AM [32m    LOG[39m [38;5;3m[RouterExplorer] [39m[32mMapped {/push/register, DELETE} route[39m[38;5;3m +0ms[39m
[32m[Nest] 51694  - [39m12/31/2025, 10:49:10 AM [32m    LOG[39m [38;5;3m[RoutesResolver] [39m[32mTimeTrackingController {/time-tracking}:[39m[38;5;3m +0ms[39m
[32m[Nest] 51694  - [39m12/31/2025, 10:49:10 AM [32m    LOG[39m [38;5;3m[RouterExplorer] [39m[32mMapped {/time-tracking/import, POST} route[39m[38;5;3m +0ms[39m
[32m[Nest] 51694  - [39m12/31/2025, 10:49:10 AM [32m    LOG[39m [38;5;3m[RouterExplorer] [39m[32mMapped {/time-tracking/clock-in, POST} route[39m[38;5;3m +0ms[39m
[32m[Nest] 51694  - [39m12/31/2025, 10:49:10 AM [32m    LOG[39m [38;5;3m[RouterExplorer] [39m[32mMapped {/time-tracking/clock-out, POST} route[39m[38;5;3m +0ms[39m
[32m[Nest] 51694  - [39m12/31/2025, 10:49:10 AM [32m    LOG[39m [38;5;3m[RouterExplorer] [39m[32mMapped {/time-tracking/admin/clock-in, POST} route[39m[38;5;3m +0ms[39m
[32m[Nest] 51694  - [39m12/31/2025, 10:49:10 AM [32m    LOG[39m [38;5;3m[RouterExplorer] [39m[32mMapped {/time-tracking/admin/clock-out, POST} route[39m[38;5;3m +0ms[39m
[32m[Nest] 51694  - [39m12/31/2025, 10:49:10 AM [32m    LOG[39m [38;5;3m[RouterExplorer] [39m[32mMapped {/time-tracking/admin/status/:employeeId, GET} route[39m[38;5;3m +0ms[39m
[32m[Nest] 51694  - [39m12/31/2025, 10:49:10 AM [32m    LOG[39m [38;5;3m[RouterExplorer] [39m[32mMapped {/time-tracking/break/start, POST} route[39m[38;5;3m +1ms[39m
[32m[Nest] 51694  - [39m12/31/2025, 10:49:10 AM [32m    LOG[39m [38;5;3m[RouterExplorer] [39m[32mMapped {/time-tracking/break/end, POST} route[39m[38;5;3m +0ms[39m
[32m[Nest] 51694  - [39m12/31/2025, 10:49:10 AM [32m    LOG[39m [38;5;3m[RouterExplorer] [39m[32mMapped {/time-tracking/status, GET} route[39m[38;5;3m +0ms[39m
[32m[Nest] 51694  - [39m12/31/2025, 10:49:10 AM [32m    LOG[39m [38;5;3m[RouterExplorer] [39m[32mMapped {/time-tracking/timesheets, GET} route[39m[38;5;3m +0ms[39m
[32m[Nest] 51694  - [39m12/31/2025, 10:49:10 AM [32m    LOG[39m [38;5;3m[RouterExplorer] [39m[32mMapped {/time-tracking/timesheets/:id, PATCH} route[39m[38;5;3m +0ms[39m
[32m[Nest] 51694  - [39m12/31/2025, 10:49:10 AM [32m    LOG[39m [38;5;3m[RouterExplorer] [39m[32mMapped {/time-tracking/timesheets/:id, DELETE} route[39m[38;5;3m +0ms[39m
[32m[Nest] 51694  - [39m12/31/2025, 10:49:10 AM [32m    LOG[39m [38;5;3m[RouterExplorer] [39m[32mMapped {/time-tracking/timesheets/:id/restore, POST} route[39m[38;5;3m +0ms[39m
[32m[Nest] 51694  - [39m12/31/2025, 10:49:10 AM [32m    LOG[39m [38;5;3m[RoutesResolver] [39m[32mLeaveController {/leave}:[39m[38;5;3m +0ms[39m
[32m[Nest] 51694  - [39m12/31/2025, 10:49:10 AM [32m    LOG[39m [38;5;3m[RouterExplorer] [39m[32mMapped {/leave/types, POST} route[39m[38;5;3m +0ms[39m
[32m[Nest] 51694  - [39m12/31/2025, 10:49:10 AM [32m    LOG[39m [38;5;3m[RouterExplorer] [39m[32mMapped {/leave/calculate-hours, GET} route[39m[38;5;3m +0ms[39m
[32m[Nest] 51694  - [39m12/31/2025, 10:49:10 AM [32m    LOG[39m [38;5;3m[RouterExplorer] [39m[32mMapped {/leave/types/:businessId, GET} route[39m[38;5;3m +0ms[39m
[32m[Nest] 51694  - [39m12/31/2025, 10:49:10 AM [32m    LOG[39m [38;5;3m[RouterExplorer] [39m[32mMapped {/leave/types/:id, PUT} route[39m[38;5;3m +0ms[39m
[32m[Nest] 51694  - [39m12/31/2025, 10:49:10 AM [32m    LOG[39m [38;5;3m[RouterExplorer] [39m[32mMapped {/leave/balance, POST} route[39m[38;5;3m +0ms[39m
[32m[Nest] 51694  - [39m12/31/2025, 10:49:10 AM [32m    LOG[39m [38;5;3m[RouterExplorer] [39m[32mMapped {/leave/balance, GET} route[39m[38;5;3m +0ms[39m
[32m[Nest] 51694  - [39m12/31/2025, 10:49:10 AM [32m    LOG[39m [38;5;3m[RouterExplorer] [39m[32mMapped {/leave/request, POST} route[39m[38;5;3m +0ms[39m
[32m[Nest] 51694  - [39m12/31/2025, 10:49:10 AM [32m    LOG[39m [38;5;3m[RouterExplorer] [39m[32mMapped {/leave/requests, GET} route[39m[38;5;3m +0ms[39m
[32m[Nest] 51694  - [39m12/31/2025, 10:49:10 AM [32m    LOG[39m [38;5;3m[RouterExplorer] [39m[32mMapped {/leave/my-requests, GET} route[39m[38;5;3m +0ms[39m
[32m[Nest] 51694  - [39m12/31/2025, 10:49:10 AM [32m    LOG[39m [38;5;3m[RouterExplorer] [39m[32mMapped {/leave/requests/:id/status, PUT} route[39m[38;5;3m +0ms[39m
[32m[Nest] 51694  - [39m12/31/2025, 10:49:10 AM [32m    LOG[39m [38;5;3m[RouterExplorer] [39m[32mMapped {/leave/requests/:id, PUT} route[39m[38;5;3m +0ms[39m
[32m[Nest] 51694  - [39m12/31/2025, 10:49:10 AM [32m    LOG[39m [38;5;3m[RouterExplorer] [39m[32mMapped {/leave/accrue, POST} route[39m[38;5;3m +0ms[39m
[32m[Nest] 51694  - [39m12/31/2025, 10:49:10 AM [32m    LOG[39m [38;5;3m[RouterExplorer] [39m[32mMapped {/leave/accrue/payroll, POST} route[39m[38;5;3m +0ms[39m
[32m[Nest] 51694  - [39m12/31/2025, 10:49:10 AM [32m    LOG[39m [38;5;3m[RoutesResolver] [39m[32mLoansController {/loans}:[39m[38;5;3m +1ms[39m
[32m[Nest] 51694  - [39m12/31/2025, 10:49:10 AM [32m    LOG[39m [38;5;3m[RouterExplorer] [39m[32mMapped {/loans, POST} route[39m[38;5;3m +0ms[39m
[32m[Nest] 51694  - [39m12/31/2025, 10:49:10 AM [32m    LOG[39m [38;5;3m[RouterExplorer] [39m[32mMapped {/loans, GET} route[39m[38;5;3m +0ms[39m
[32m[Nest] 51694  - [39m12/31/2025, 10:49:10 AM [32m    LOG[39m [38;5;3m[RouterExplorer] [39m[32mMapped {/loans/my-loans, GET} route[39m[38;5;3m +0ms[39m
[32m[Nest] 51694  - [39m12/31/2025, 10:49:10 AM [32m    LOG[39m [38;5;3m[RouterExplorer] [39m[32mMapped {/loans/:id, GET} route[39m[38;5;3m +0ms[39m
[32m[Nest] 51694  - [39m12/31/2025, 10:49:10 AM [32m    LOG[39m [38;5;3m[RouterExplorer] [39m[32mMapped {/loans/:id/approve, PATCH} route[39m[38;5;3m +0ms[39m
[32m[Nest] 51694  - [39m12/31/2025, 10:49:10 AM [32m    LOG[39m [38;5;3m[RouterExplorer] [39m[32mMapped {/loans/:id/reject, PATCH} route[39m[38;5;3m +0ms[39m
[32m[Nest] 51694  - [39m12/31/2025, 10:49:10 AM [32m    LOG[39m [38;5;3m[RoutesResolver] [39m[32mInvoicesController {/invoices}:[39m[38;5;3m +0ms[39m
[32m[Nest] 51694  - [39m12/31/2025, 10:49:10 AM [32m    LOG[39m [38;5;3m[RouterExplorer] [39m[32mMapped {/invoices/clients, POST} route[39m[38;5;3m +0ms[39m
[32m[Nest] 51694  - [39m12/31/2025, 10:49:10 AM [32m    LOG[39m [38;5;3m[RouterExplorer] [39m[32mMapped {/invoices/clients, GET} route[39m[38;5;3m +0ms[39m
[32m[Nest] 51694  - [39m12/31/2025, 10:49:10 AM [32m    LOG[39m [38;5;3m[RouterExplorer] [39m[32mMapped {/invoices, POST} route[39m[38;5;3m +0ms[39m
[32m[Nest] 51694  - [39m12/31/2025, 10:49:10 AM [32m    LOG[39m [38;5;3m[RouterExplorer] [39m[32mMapped {/invoices/:id, PATCH} route[39m[38;5;3m +0ms[39m
[32m[Nest] 51694  - [39m12/31/2025, 10:49:10 AM [32m    LOG[39m [38;5;3m[RouterExplorer] [39m[32mMapped {/invoices/:id/send, POST} route[39m[38;5;3m +0ms[39m
[32m[Nest] 51694  - [39m12/31/2025, 10:49:10 AM [32m    LOG[39m [38;5;3m[RouterExplorer] [39m[32mMapped {/invoices, GET} route[39m[38;5;3m +0ms[39m
[32m[Nest] 51694  - [39m12/31/2025, 10:49:10 AM [32m    LOG[39m [38;5;3m[RouterExplorer] [39m[32mMapped {/invoices/client/:clientId, GET} route[39m[38;5;3m +0ms[39m
[32m[Nest] 51694  - [39m12/31/2025, 10:49:10 AM [32m    LOG[39m [38;5;3m[RouterExplorer] [39m[32mMapped {/invoices/:id, GET} route[39m[38;5;3m +0ms[39m
[32m[Nest] 51694  - [39m12/31/2025, 10:49:10 AM [32m    LOG[39m [38;5;3m[RoutesResolver] [39m[32mReportsController {/reports}:[39m[38;5;3m +0ms[39m
[32m[Nest] 51694  - [39m12/31/2025, 10:49:10 AM [32m    LOG[39m [38;5;3m[RouterExplorer] [39m[32mMapped {/reports/dashboard-stats, GET} route[39m[38;5;3m +0ms[39m
[32m[Nest] 51694  - [39m12/31/2025, 10:49:10 AM [32m    LOG[39m [38;5;3m[RouterExplorer] [39m[32mMapped {/reports/payroll-summary, GET} route[39m[38;5;3m +0ms[39m
[32m[Nest] 51694  - [39m12/31/2025, 10:49:10 AM [32m    LOG[39m [38;5;3m[RouterExplorer] [39m[32mMapped {/reports/labor-cost, GET} route[39m[38;5;3m +0ms[39m
[32m[Nest] 51694  - [39m12/31/2025, 10:49:10 AM [32m    LOG[39m [38;5;3m[RouterExplorer] [39m[32mMapped {/reports/attendance, GET} route[39m[38;5;3m +0ms[39m
[32m[Nest] 51694  - [39m12/31/2025, 10:49:10 AM [32m    LOG[39m [38;5;3m[RoutesResolver] [39m[32mAuditController {/audit}:[39m[38;5;3m +0ms[39m
[32m[Nest] 51694  - [39m12/31/2025, 10:49:10 AM [32m    LOG[39m [38;5;3m[RouterExplorer] [39m[32mMapped {/audit, GET} route[39m[38;5;3m +0ms[39m
[32m[Nest] 51694  - [39m12/31/2025, 10:49:10 AM [32m    LOG[39m [38;5;3m[RoutesResolver] [39m[32mEmployeesController {/employees}:[39m[38;5;3m +0ms[39m
[32m[Nest] 51694  - [39m12/31/2025, 10:49:10 AM [32m    LOG[39m [38;5;3m[RouterExplorer] [39m[32mMapped {/employees, GET} route[39m[38;5;3m +2ms[39m
[32m[Nest] 51694  - [39m12/31/2025, 10:49:10 AM [32m    LOG[39m [38;5;3m[RouterExplorer] [39m[32mMapped {/employees/qualifications/expiring, GET} route[39m[38;5;3m +0ms[39m
[32m[Nest] 51694  - [39m12/31/2025, 10:49:10 AM [32m    LOG[39m [38;5;3m[RouterExplorer] [39m[32mMapped {/employees/qualifications/all, GET} route[39m[38;5;3m +0ms[39m
[32m[Nest] 51694  - [39m12/31/2025, 10:49:10 AM [32m    LOG[39m [38;5;3m[RouterExplorer] [39m[32mMapped {/employees/availability/all, GET} route[39m[38;5;3m +0ms[39m
[32m[Nest] 51694  - [39m12/31/2025, 10:49:10 AM [32m    LOG[39m [38;5;3m[RouterExplorer] [39m[32mMapped {/employees/:id, GET} route[39m[38;5;3m +0ms[39m
[32m[Nest] 51694  - [39m12/31/2025, 10:49:10 AM [32m    LOG[39m [38;5;3m[RouterExplorer] [39m[32mMapped {/employees, POST} route[39m[38;5;3m +0ms[39m
[32m[Nest] 51694  - [39m12/31/2025, 10:49:10 AM [32m    LOG[39m [38;5;3m[RouterExplorer] [39m[32mMapped {/employees/:id, PATCH} route[39m[38;5;3m +0ms[39m
[32m[Nest] 51694  - [39m12/31/2025, 10:49:10 AM [32m    LOG[39m [38;5;3m[RouterExplorer] [39m[32mMapped {/employees/:id/password, PATCH} route[39m[38;5;3m +0ms[39m
[32m[Nest] 51694  - [39m12/31/2025, 10:49:10 AM [32m    LOG[39m [38;5;3m[RouterExplorer] [39m[32mMapped {/employees/:id/availability, GET} route[39m[38;5;3m +0ms[39m
[32m[Nest] 51694  - [39m12/31/2025, 10:49:10 AM [32m    LOG[39m [38;5;3m[RouterExplorer] [39m[32mMapped {/employees/:id/availability, POST} route[39m[38;5;3m +0ms[39m
[32m[Nest] 51694  - [39m12/31/2025, 10:49:10 AM [32m    LOG[39m [38;5;3m[RouterExplorer] [39m[32mMapped {/employees/:id/availability/:availabilityId, PATCH} route[39m[38;5;3m +0ms[39m
[32m[Nest] 51694  - [39m12/31/2025, 10:49:10 AM [32m    LOG[39m [38;5;3m[RouterExplorer] [39m[32mMapped {/employees/:id/availability/:availabilityId, DELETE} route[39m[38;5;3m +0ms[39m
[32m[Nest] 51694  - [39m12/31/2025, 10:49:10 AM [32m    LOG[39m [38;5;3m[RouterExplorer] [39m[32mMapped {/employees/:id/qualifications, GET} route[39m[38;5;3m +0ms[39m
[32m[Nest] 51694  - [39m12/31/2025, 10:49:10 AM [32m    LOG[39m [38;5;3m[RouterExplorer] [39m[32mMapped {/employees/:id/qualifications, POST} route[39m[38;5;3m +0ms[39m
[32m[Nest] 51694  - [39m12/31/2025, 10:49:10 AM [32m    LOG[39m [38;5;3m[RouterExplorer] [39m[32mMapped {/employees/:id/qualifications/:qualificationId, PATCH} route[39m[38;5;3m +0ms[39m
[32m[Nest] 51694  - [39m12/31/2025, 10:49:10 AM [32m    LOG[39m [38;5;3m[RouterExplorer] [39m[32mMapped {/employees/:id/qualifications/:qualificationId, DELETE} route[39m[38;5;3m +0ms[39m
[32m[Nest] 51694  - [39m12/31/2025, 10:49:10 AM [32m    LOG[39m [38;5;3m[RoutesResolver] [39m[32mBusinessesController {/businesses}:[39m[38;5;3m +0ms[39m
[32m[Nest] 51694  - [39m12/31/2025, 10:49:10 AM [32m    LOG[39m [38;5;3m[RouterExplorer] [39m[32mMapped {/businesses, POST} route[39m[38;5;3m +1ms[39m
[32m[Nest] 51694  - [39m12/31/2025, 10:49:10 AM [32m    LOG[39m [38;5;3m[RouterExplorer] [39m[32mMapped {/businesses, GET} route[39m[38;5;3m +0ms[39m
[32m[Nest] 51694  - [39m12/31/2025, 10:49:10 AM [32m    LOG[39m [38;5;3m[RouterExplorer] [39m[32mMapped {/businesses/mine, GET} route[39m[38;5;3m +0ms[39m
[32m[Nest] 51694  - [39m12/31/2025, 10:49:10 AM [32m    LOG[39m [38;5;3m[RouterExplorer] [39m[32mMapped {/businesses/:id, GET} route[39m[38;5;3m +0ms[39m
[32m[Nest] 51694  - [39m12/31/2025, 10:49:10 AM [32m    LOG[39m [38;5;3m[RouterExplorer] [39m[32mMapped {/businesses/:id, PATCH} route[39m[38;5;3m +0ms[39m
[32m[Nest] 51694  - [39m12/31/2025, 10:49:10 AM [32m    LOG[39m [38;5;3m[RoutesResolver] [39m[32mLocationsController {/locations}:[39m[38;5;3m +0ms[39m
[32m[Nest] 51694  - [39m12/31/2025, 10:49:10 AM [32m    LOG[39m [38;5;3m[RouterExplorer] [39m[32mMapped {/locations, POST} route[39m[38;5;3m +0ms[39m
[32m[Nest] 51694  - [39m12/31/2025, 10:49:10 AM [32m    LOG[39m [38;5;3m[RouterExplorer] [39m[32mMapped {/locations, GET} route[39m[38;5;3m +0ms[39m
[32m[Nest] 51694  - [39m12/31/2025, 10:49:10 AM [32m    LOG[39m [38;5;3m[RouterExplorer] [39m[32mMapped {/locations/:id, GET} route[39m[38;5;3m +0ms[39m
[32m[Nest] 51694  - [39m12/31/2025, 10:49:10 AM [32m    LOG[39m [38;5;3m[RouterExplorer] [39m[32mMapped {/locations/:id, PATCH} route[39m[38;5;3m +0ms[39m
[32m[Nest] 51694  - [39m12/31/2025, 10:49:10 AM [32m    LOG[39m [38;5;3m[RouterExplorer] [39m[32mMapped {/locations/:id, DELETE} route[39m[38;5;3m +0ms[39m
[32m[Nest] 51694  - [39m12/31/2025, 10:49:10 AM [32m    LOG[39m [38;5;3m[RoutesResolver] [39m[32mClientsController {/clients}:[39m[38;5;3m +0ms[39m
[32m[Nest] 51694  - [39m12/31/2025, 10:49:10 AM [32m    LOG[39m [38;5;3m[RouterExplorer] [39m[32mMapped {/clients, POST} route[39m[38;5;3m +0ms[39m
[32m[Nest] 51694  - [39m12/31/2025, 10:49:10 AM [32m    LOG[39m [38;5;3m[RouterExplorer] [39m[32mMapped {/clients, GET} route[39m[38;5;3m +0ms[39m
[32m[Nest] 51694  - [39m12/31/2025, 10:49:10 AM [32m    LOG[39m [38;5;3m[RouterExplorer] [39m[32mMapped {/clients/:id, GET} route[39m[38;5;3m +0ms[39m
[32m[Nest] 51694  - [39m12/31/2025, 10:49:10 AM [32m    LOG[39m [38;5;3m[RouterExplorer] [39m[32mMapped {/clients/:id, PATCH} route[39m[38;5;3m +0ms[39m
[32m[Nest] 51694  - [39m12/31/2025, 10:49:10 AM [32m    LOG[39m [38;5;3m[RouterExplorer] [39m[32mMapped {/clients/:id, DELETE} route[39m[38;5;3m +0ms[39m
[32m[Nest] 51694  - [39m12/31/2025, 10:49:10 AM [32m    LOG[39m [38;5;3m[RoutesResolver] [39m[32mServicePinsController {/service-pins}:[39m[38;5;3m +0ms[39m
[32m[Nest] 51694  - [39m12/31/2025, 10:49:10 AM [32m    LOG[39m [38;5;3m[RouterExplorer] [39m[32mMapped {/service-pins, POST} route[39m[38;5;3m +0ms[39m
[32m[Nest] 51694  - [39m12/31/2025, 10:49:10 AM [32m    LOG[39m [38;5;3m[RouterExplorer] [39m[32mMapped {/service-pins/location/:locationId, GET} route[39m[38;5;3m +0ms[39m
[32m[Nest] 51694  - [39m12/31/2025, 10:49:10 AM [32m    LOG[39m [38;5;3m[RouterExplorer] [39m[32mMapped {/service-pins/:id, GET} route[39m[38;5;3m +0ms[39m
[32m[Nest] 51694  - [39m12/31/2025, 10:49:10 AM [32m    LOG[39m [38;5;3m[RouterExplorer] [39m[32mMapped {/service-pins/:id, PATCH} route[39m[38;5;3m +0ms[39m
[32m[Nest] 51694  - [39m12/31/2025, 10:49:10 AM [32m    LOG[39m [38;5;3m[RouterExplorer] [39m[32mMapped {/service-pins/:id, DELETE} route[39m[38;5;3m +0ms[39m
[32m[Nest] 51694  - [39m12/31/2025, 10:49:10 AM [32m    LOG[39m [38;5;3m[RoutesResolver] [39m[32mPatrolLogsController {/patrol-logs}:[39m[38;5;3m +0ms[39m
[32m[Nest] 51694  - [39m12/31/2025, 10:49:10 AM [32m    LOG[39m [38;5;3m[RouterExplorer] [39m[32mMapped {/patrol-logs, POST} route[39m[38;5;3m +0ms[39m
[32m[Nest] 51694  - [39m12/31/2025, 10:49:10 AM [32m    LOG[39m [38;5;3m[RouterExplorer] [39m[32mMapped {/patrol-logs/pin/:servicePinId, GET} route[39m[38;5;3m +0ms[39m
[32m[Nest] 51694  - [39m12/31/2025, 10:49:10 AM [32m    LOG[39m [38;5;3m[RouterExplorer] [39m[32mMapped {/patrol-logs/location/:locationId, GET} route[39m[38;5;3m +0ms[39m
[32m[Nest] 51694  - [39m12/31/2025, 10:49:10 AM [32m    LOG[39m [38;5;3m[RouterExplorer] [39m[32mMapped {/patrol-logs, GET} route[39m[38;5;3m +0ms[39m
[32m[Nest] 51694  - [39m12/31/2025, 10:49:10 AM [32m    LOG[39m [38;5;3m[RoutesResolver] [39m[32mUploadsController {/uploads}:[39m[38;5;3m +0ms[39m
[32m[Nest] 51694  - [39m12/31/2025, 10:49:10 AM [32m    LOG[39m [38;5;3m[RouterExplorer] [39m[32mMapped {/uploads, POST} route[39m[38;5;3m +0ms[39m
[32m[Nest] 51694  - [39m12/31/2025, 10:49:10 AM [32m    LOG[39m [38;5;3m[RouterExplorer] [39m[32mMapped {/uploads/:filename, GET} route[39m[38;5;3m +0ms[39m
[32m[Nest] 51694  - [39m12/31/2025, 10:49:10 AM [32m    LOG[39m [38;5;3m[RoutesResolver] [39m[32mDepartmentsController {/departments}:[39m[38;5;3m +0ms[39m
[32m[Nest] 51694  - [39m12/31/2025, 10:49:10 AM [32m    LOG[39m [38;5;3m[RouterExplorer] [39m[32mMapped {/departments, POST} route[39m[38;5;3m +0ms[39m
[32m[Nest] 51694  - [39m12/31/2025, 10:49:10 AM [32m    LOG[39m [38;5;3m[RouterExplorer] [39m[32mMapped {/departments, GET} route[39m[38;5;3m +0ms[39m
[32m[Nest] 51694  - [39m12/31/2025, 10:49:10 AM [32m    LOG[39m [38;5;3m[RouterExplorer] [39m[32mMapped {/departments/:id, GET} route[39m[38;5;3m +0ms[39m
[32m[Nest] 51694  - [39m12/31/2025, 10:49:10 AM [32m    LOG[39m [38;5;3m[RouterExplorer] [39m[32mMapped {/departments/:id/members, GET} route[39m[38;5;3m +0ms[39m
[32m[Nest] 51694  - [39m12/31/2025, 10:49:10 AM [32m    LOG[39m [38;5;3m[RouterExplorer] [39m[32mMapped {/departments/:id/members, POST} route[39m[38;5;3m +1ms[39m
[32m[Nest] 51694  - [39m12/31/2025, 10:49:10 AM [32m    LOG[39m [38;5;3m[RouterExplorer] [39m[32mMapped {/departments/:id/members/:employeeId, DELETE} route[39m[38;5;3m +0ms[39m
[32m[Nest] 51694  - [39m12/31/2025, 10:49:10 AM [32m    LOG[39m [38;5;3m[RouterExplorer] [39m[32mMapped {/departments/:id/manager, POST} route[39m[38;5;3m +0ms[39m
[32m[Nest] 51694  - [39m12/31/2025, 10:49:10 AM [32m    LOG[39m [38;5;3m[RouterExplorer] [39m[32mMapped {/departments/:id/manager, DELETE} route[39m[38;5;3m +0ms[39m
[32m[Nest] 51694  - [39m12/31/2025, 10:49:10 AM [32m    LOG[39m [38;5;3m[RouterExplorer] [39m[32mMapped {/departments/:id, PATCH} route[39m[38;5;3m +0ms[39m
[32m[Nest] 51694  - [39m12/31/2025, 10:49:10 AM [32m    LOG[39m [38;5;3m[RouterExplorer] [39m[32mMapped {/departments/:id, DELETE} route[39m[38;5;3m +0ms[39m
[32m[Nest] 51694  - [39m12/31/2025, 10:49:10 AM [32m    LOG[39m [38;5;3m[RoutesResolver] [39m[32mRolesController {/roles}:[39m[38;5;3m +0ms[39m
[32m[Nest] 51694  - [39m12/31/2025, 10:49:10 AM [32m    LOG[39m [38;5;3m[RouterExplorer] [39m[32mMapped {/roles, POST} route[39m[38;5;3m +0ms[39m
[32m[Nest] 51694  - [39m12/31/2025, 10:49:10 AM [32m    LOG[39m [38;5;3m[RouterExplorer] [39m[32mMapped {/roles, GET} route[39m[38;5;3m +0ms[39m
[32m[Nest] 51694  - [39m12/31/2025, 10:49:10 AM [32m    LOG[39m [38;5;3m[RouterExplorer] [39m[32mMapped {/roles/:id, GET} route[39m[38;5;3m +0ms[39m
[32m[Nest] 51694  - [39m12/31/2025, 10:49:10 AM [32m    LOG[39m [38;5;3m[RouterExplorer] [39m[32mMapped {/roles/:id/members, GET} route[39m[38;5;3m +0ms[39m
[32m[Nest] 51694  - [39m12/31/2025, 10:49:10 AM [32m    LOG[39m [38;5;3m[RouterExplorer] [39m[32mMapped {/roles/:id/members, POST} route[39m[38;5;3m +0ms[39m
[32m[Nest] 51694  - [39m12/31/2025, 10:49:10 AM [32m    LOG[39m [38;5;3m[RouterExplorer] [39m[32mMapped {/roles/:id/members/:employeeId, DELETE} route[39m[38;5;3m +0ms[39m
[32m[Nest] 51694  - [39m12/31/2025, 10:49:10 AM [32m    LOG[39m [38;5;3m[RouterExplorer] [39m[32mMapped {/roles/:id, PATCH} route[39m[38;5;3m +0ms[39m
[32m[Nest] 51694  - [39m12/31/2025, 10:49:10 AM [32m    LOG[39m [38;5;3m[RouterExplorer] [39m[32mMapped {/roles/:id, DELETE} route[39m[38;5;3m +0ms[39m
[32m[Nest] 51694  - [39m12/31/2025, 10:49:10 AM [32m    LOG[39m [38;5;3m[RoutesResolver] [39m[32mAnnouncementsController {/announcements}:[39m[38;5;3m +0ms[39m
[32m[Nest] 51694  - [39m12/31/2025, 10:49:10 AM [32m    LOG[39m [38;5;3m[RouterExplorer] [39m[32mMapped {/announcements, POST} route[39m[38;5;3m +0ms[39m
[32m[Nest] 51694  - [39m12/31/2025, 10:49:10 AM [32m    LOG[39m [38;5;3m[RouterExplorer] [39m[32mMapped {/announcements, GET} route[39m[38;5;3m +0ms[39m
[32m[Nest] 51694  - [39m12/31/2025, 10:49:10 AM [32m    LOG[39m [38;5;3m[RouterExplorer] [39m[32mMapped {/announcements/:id, PATCH} route[39m[38;5;3m +0ms[39m
[32m[Nest] 51694  - [39m12/31/2025, 10:49:10 AM [32m    LOG[39m [38;5;3m[RouterExplorer] [39m[32mMapped {/announcements/:id/read, POST} route[39m[38;5;3m +0ms[39m
[32m[Nest] 51694  - [39m12/31/2025, 10:49:10 AM [32m    LOG[39m [38;5;3m[RouterExplorer] [39m[32mMapped {/announcements/:id, DELETE} route[39m[38;5;3m +0ms[39m
[32m[Nest] 51694  - [39m12/31/2025, 10:49:10 AM [32m    LOG[39m [38;5;3m[RoutesResolver] [39m[32mEmailCampaignsController {/email-campaigns}:[39m[38;5;3m +0ms[39m
[32m[Nest] 51694  - [39m12/31/2025, 10:49:10 AM [32m    LOG[39m [38;5;3m[RouterExplorer] [39m[32mMapped {/email-campaigns, POST} route[39m[38;5;3m +0ms[39m
[32m[Nest] 51694  - [39m12/31/2025, 10:49:10 AM [32m    LOG[39m [38;5;3m[RouterExplorer] [39m[32mMapped {/email-campaigns, GET} route[39m[38;5;3m +0ms[39m
[32m[Nest] 51694  - [39m12/31/2025, 10:49:10 AM [32m    LOG[39m [38;5;3m[RouterExplorer] [39m[32mMapped {/email-campaigns/:id, GET} route[39m[38;5;3m +0ms[39m
[32m[Nest] 51694  - [39m12/31/2025, 10:49:10 AM [32m    LOG[39m [38;5;3m[RouterExplorer] [39m[32mMapped {/email-campaigns/:id/send, POST} route[39m[38;5;3m +0ms[39m
[32m[Nest] 51694  - [39m12/31/2025, 10:49:10 AM [32m    LOG[39m [38;5;3m[RouterExplorer] [39m[32mMapped {/email-campaigns/:id, DELETE} route[39m[38;5;3m +0ms[39m
[32m[Nest] 51694  - [39m12/31/2025, 10:49:10 AM [32m    LOG[39m [38;5;3m[RoutesResolver] [39m[32mEmailTemplatesController {/email-templates}:[39m[38;5;3m +0ms[39m
[32m[Nest] 51694  - [39m12/31/2025, 10:49:10 AM [32m    LOG[39m [38;5;3m[RouterExplorer] [39m[32mMapped {/email-templates, POST} route[39m[38;5;3m +0ms[39m
[32m[Nest] 51694  - [39m12/31/2025, 10:49:10 AM [32m    LOG[39m [38;5;3m[RouterExplorer] [39m[32mMapped {/email-templates, GET} route[39m[38;5;3m +0ms[39m
[32m[Nest] 51694  - [39m12/31/2025, 10:49:10 AM [32m    LOG[39m [38;5;3m[RouterExplorer] [39m[32mMapped {/email-templates/:id, GET} route[39m[38;5;3m +0ms[39m
[32m[Nest] 51694  - [39m12/31/2025, 10:49:10 AM [32m    LOG[39m [38;5;3m[RouterExplorer] [39m[32mMapped {/email-templates/:id, PATCH} route[39m[38;5;3m +0ms[39m
[32m[Nest] 51694  - [39m12/31/2025, 10:49:10 AM [32m    LOG[39m [38;5;3m[RouterExplorer] [39m[32mMapped {/email-templates/:id, DELETE} route[39m[38;5;3m +0ms[39m
[32m[Nest] 51694  - [39m12/31/2025, 10:49:10 AM [32m    LOG[39m [38;5;3m[RoutesResolver] [39m[32mIncidentReportsController {/incident-reports}:[39m[38;5;3m +0ms[39m
[32m[Nest] 51694  - [39m12/31/2025, 10:49:10 AM [32m    LOG[39m [38;5;3m[RouterExplorer] [39m[32mMapped {/incident-reports, POST} route[39m[38;5;3m +0ms[39m
[32m[Nest] 51694  - [39m12/31/2025, 10:49:10 AM [32m    LOG[39m [38;5;3m[RouterExplorer] [39m[32mMapped {/incident-reports, GET} route[39m[38;5;3m +1ms[39m
[32m[Nest] 51694  - [39m12/31/2025, 10:49:10 AM [32m    LOG[39m [38;5;3m[RouterExplorer] [39m[32mMapped {/incident-reports/:id, GET} route[39m[38;5;3m +0ms[39m
[32m[Nest] 51694  - [39m12/31/2025, 10:49:10 AM [32m    LOG[39m [38;5;3m[RouterExplorer] [39m[32mMapped {/incident-reports/:id, PATCH} route[39m[38;5;3m +0ms[39m
[32m[Nest] 51694  - [39m12/31/2025, 10:49:10 AM [32m    LOG[39m [38;5;3m[RouterExplorer] [39m[32mMapped {/incident-reports/:id, DELETE} route[39m[38;5;3m +0ms[39m
[32m[Nest] 51694  - [39m12/31/2025, 10:49:10 AM [32m    LOG[39m [38;5;3m[RoutesResolver] [39m[32mAssetsController {/assets}:[39m[38;5;3m +0ms[39m
[32m[Nest] 51694  - [39m12/31/2025, 10:49:10 AM [32m    LOG[39m [38;5;3m[RouterExplorer] [39m[32mMapped {/assets, POST} route[39m[38;5;3m +0ms[39m
[32m[Nest] 51694  - [39m12/31/2025, 10:49:10 AM [32m    LOG[39m [38;5;3m[RouterExplorer] [39m[32mMapped {/assets/:id/assign, POST} route[39m[38;5;3m +0ms[39m
[32m[Nest] 51694  - [39m12/31/2025, 10:49:10 AM [32m    LOG[39m [38;5;3m[RouterExplorer] [39m[32mMapped {/assets/:id/return, POST} route[39m[38;5;3m +0ms[39m
[32m[Nest] 51694  - [39m12/31/2025, 10:49:10 AM [32m    LOG[39m [38;5;3m[RouterExplorer] [39m[32mMapped {/assets/:id/history, GET} route[39m[38;5;3m +0ms[39m
[32m[Nest] 51694  - [39m12/31/2025, 10:49:10 AM [32m    LOG[39m [38;5;3m[RouterExplorer] [39m[32mMapped {/assets, GET} route[39m[38;5;3m +0ms[39m
[32m[Nest] 51694  - [39m12/31/2025, 10:49:10 AM [32m    LOG[39m [38;5;3m[RouterExplorer] [39m[32mMapped {/assets/:id, GET} route[39m[38;5;3m +0ms[39m
[32m[Nest] 51694  - [39m12/31/2025, 10:49:10 AM [32m    LOG[39m [38;5;3m[RouterExplorer] [39m[32mMapped {/assets/:id, PATCH} route[39m[38;5;3m +0ms[39m
[32m[Nest] 51694  - [39m12/31/2025, 10:49:10 AM [32m    LOG[39m [38;5;3m[RouterExplorer] [39m[32mMapped {/assets/:id, DELETE} route[39m[38;5;3m +0ms[39m
[32m[Nest] 51694  - [39m12/31/2025, 10:49:10 AM [32m    LOG[39m [38;5;3m[RoutesResolver] [39m[32mPaymentsController {/payments}:[39m[38;5;3m +0ms[39m
[32m[Nest] 51694  - [39m12/31/2025, 10:49:10 AM [32m    LOG[39m [38;5;3m[RouterExplorer] [39m[32mMapped {/payments, POST} route[39m[38;5;3m +0ms[39m
[32m[Nest] 51694  - [39m12/31/2025, 10:49:10 AM [32m    LOG[39m [38;5;3m[RouterExplorer] [39m[32mMapped {/payments, GET} route[39m[38;5;3m +0ms[39m
[32m[Nest] 51694  - [39m12/31/2025, 10:49:10 AM [32m    LOG[39m [38;5;3m[RouterExplorer] [39m[32mMapped {/payments/:id, GET} route[39m[38;5;3m +0ms[39m
[32m[Nest] 51694  - [39m12/31/2025, 10:49:10 AM [32m    LOG[39m [38;5;3m[NestApplication] [39m[32mNest application successfully started[39m[38;5;3m +17ms[39m
Application is running on: http://localhost:3002
[2J[3J[H[[90m10:49:13 AM[0m] File change detected. Starting incremental compilation...

[[90m10:49:13 AM[0m] Found 0 errors. Watching for file changes.

[32m[Nest] 51860  - [39m12/31/2025, 10:49:13 AM [32m    LOG[39m [38;5;3m[NestFactory] [39m[32mStarting Nest application...[39m
[32m[Nest] 51860  - [39m12/31/2025, 10:49:13 AM [32m    LOG[39m [38;5;3m[InstanceLoader] [39m[32mPassportModule dependencies initialized[39m[38;5;3m +38ms[39m
[32m[Nest] 51860  - [39m12/31/2025, 10:49:13 AM [32m    LOG[39m [38;5;3m[InstanceLoader] [39m[32mConfigHostModule dependencies initialized[39m[38;5;3m +46ms[39m
[32m[Nest] 51860  - [39m12/31/2025, 10:49:13 AM [32m    LOG[39m [38;5;3m[InstanceLoader] [39m[32mThrottlerModule dependencies initialized[39m[38;5;3m +0ms[39m
[32m[Nest] 51860  - [39m12/31/2025, 10:49:13 AM [32m    LOG[39m [38;5;3m[InstanceLoader] [39m[32mUsersModule dependencies initialized[39m[38;5;3m +1ms[39m
[32m[Nest] 51860  - [39m12/31/2025, 10:49:13 AM [32m    LOG[39m [38;5;3m[InstanceLoader] [39m[32mDiscoveryModule dependencies initialized[39m[38;5;3m +0ms[39m
[32m[Nest] 51860  - [39m12/31/2025, 10:49:13 AM [32m    LOG[39m [38;5;3m[InstanceLoader] [39m[32mConfigModule dependencies initialized[39m[38;5;3m +1ms[39m
[32m[Nest] 51860  - [39m12/31/2025, 10:49:13 AM [32m    LOG[39m [38;5;3m[InstanceLoader] [39m[32mConfigModule dependencies initialized[39m[38;5;3m +0ms[39m
[32m[Nest] 51860  - [39m12/31/2025, 10:49:13 AM [32m    LOG[39m [38;5;3m[InstanceLoader] [39m[32mScheduleModule dependencies initialized[39m[38;5;3m +0ms[39m
[32m[Nest] 51860  - [39m12/31/2025, 10:49:13 AM [32m    LOG[39m [38;5;3m[InstanceLoader] [39m[32mJwtModule dependencies initialized[39m[38;5;3m +1ms[39m
[32m[Nest] 51860  - [39m12/31/2025, 10:49:13 AM [32m    LOG[39m [38;5;3m[InstanceLoader] [39m[32mJwtModule dependencies initialized[39m[38;5;3m +0ms[39m
[32m[Nest] 51860  - [39m12/31/2025, 10:49:13 AM [32m    LOG[39m [38;5;3m[InstanceLoader] [39m[32mUploadsModule dependencies initialized[39m[38;5;3m +0ms[39m
[32m[Nest] 51860  - [39m12/31/2025, 10:49:13 AM [32m    LOG[39m [38;5;3m[InstanceLoader] [39m[32mAppModule dependencies initialized[39m[38;5;3m +0ms[39m
[32m[Nest] 51860  - [39m12/31/2025, 10:49:13 AM [32m    LOG[39m [38;5;3m[InstanceLoader] [39m[32mAuditModule dependencies initialized[39m[38;5;3m +0ms[39m
[32m[Nest] 51860  - [39m12/31/2025, 10:49:13 AM [32m    LOG[39m [38;5;3m[InstanceLoader] [39m[32mPushModule dependencies initialized[39m[38;5;3m +0ms[39m
[32m[Nest] 51860  - [39m12/31/2025, 10:49:13 AM [32m    LOG[39m [38;5;3m[InstanceLoader] [39m[32mTimeTrackingModule dependencies initialized[39m[38;5;3m +0ms[39m
[32m[Nest] 51860  - [39m12/31/2025, 10:49:13 AM [32m    LOG[39m [38;5;3m[InstanceLoader] [39m[32mLeaveModule dependencies initialized[39m[38;5;3m +0ms[39m
[32m[Nest] 51860  - [39m12/31/2025, 10:49:13 AM [32m    LOG[39m [38;5;3m[InstanceLoader] [39m[32mLoansModule dependencies initialized[39m[38;5;3m +0ms[39m
[32m[Nest] 51860  - [39m12/31/2025, 10:49:13 AM [32m    LOG[39m [38;5;3m[InstanceLoader] [39m[32mInvoicesModule dependencies initialized[39m[38;5;3m +0ms[39m
[32m[Nest] 51860  - [39m12/31/2025, 10:49:13 AM [32m    LOG[39m [38;5;3m[InstanceLoader] [39m[32mReportsModule dependencies initialized[39m[38;5;3m +0ms[39m
[32m[Nest] 51860  - [39m12/31/2025, 10:49:13 AM [32m    LOG[39m [38;5;3m[InstanceLoader] [39m[32mBusinessesModule dependencies initialized[39m[38;5;3m +0ms[39m
[32m[Nest] 51860  - [39m12/31/2025, 10:49:13 AM [32m    LOG[39m [38;5;3m[InstanceLoader] [39m[32mLocationsModule dependencies initialized[39m[38;5;3m +0ms[39m
[32m[Nest] 51860  - [39m12/31/2025, 10:49:13 AM [32m    LOG[39m [38;5;3m[InstanceLoader] [39m[32mClientsModule dependencies initialized[39m[38;5;3m +0ms[39m
[32m[Nest] 51860  - [39m12/31/2025, 10:49:13 AM [32m    LOG[39m [38;5;3m[InstanceLoader] [39m[32mServicePinsModule dependencies initialized[39m[38;5;3m +0ms[39m
[32m[Nest] 51860  - [39m12/31/2025, 10:49:13 AM [32m    LOG[39m [38;5;3m[InstanceLoader] [39m[32mPatrolLogsModule dependencies initialized[39m[38;5;3m +0ms[39m
[32m[Nest] 51860  - [39m12/31/2025, 10:49:13 AM [32m    LOG[39m [38;5;3m[InstanceLoader] [39m[32mIncidentReportsModule dependencies initialized[39m[38;5;3m +0ms[39m
[32m[Nest] 51860  - [39m12/31/2025, 10:49:13 AM [32m    LOG[39m [38;5;3m[InstanceLoader] [39m[32mAssetsModule dependencies initialized[39m[38;5;3m +0ms[39m
[32m[Nest] 51860  - [39m12/31/2025, 10:49:13 AM [32m    LOG[39m [38;5;3m[InstanceLoader] [39m[32mPaymentsModule dependencies initialized[39m[38;5;3m +0ms[39m
[32m[Nest] 51860  - [39m12/31/2025, 10:49:13 AM [32m    LOG[39m [38;5;3m[InstanceLoader] [39m[32mDepartmentsModule dependencies initialized[39m[38;5;3m +1ms[39m
[32m[Nest] 51860  - [39m12/31/2025, 10:49:13 AM [32m    LOG[39m [38;5;3m[InstanceLoader] [39m[32mRolesModule dependencies initialized[39m[38;5;3m +0ms[39m
[32m[Nest] 51860  - [39m12/31/2025, 10:49:13 AM [32m    LOG[39m [38;5;3m[InstanceLoader] [39m[32mAnnouncementsModule dependencies initialized[39m[38;5;3m +0ms[39m
[32m[Nest] 51860  - [39m12/31/2025, 10:49:13 AM [32m    LOG[39m [38;5;3m[InstanceLoader] [39m[32mEmailTemplatesModule dependencies initialized[39m[38;5;3m +0ms[39m
[32m[Nest] 51860  - [39m12/31/2025, 10:49:13 AM [32m    LOG[39m [38;5;3m[InstanceLoader] [39m[32mNotificationsModule dependencies initialized[39m[38;5;3m +0ms[39m
[32m[Nest] 51860  - [39m12/31/2025, 10:49:13 AM [32m    LOG[39m [38;5;3m[InstanceLoader] [39m[32mEmailCampaignsModule dependencies initialized[39m[38;5;3m +0ms[39m
[32m[Nest] 51860  - [39m12/31/2025, 10:49:13 AM [32m    LOG[39m [38;5;3m[InstanceLoader] [39m[32mPayrollModule dependencies initialized[39m[38;5;3m +0ms[39m
[32m[Nest] 51860  - [39m12/31/2025, 10:49:13 AM [32m    LOG[39m [38;5;3m[InstanceLoader] [39m[32mEmployeesModule dependencies initialized[39m[38;5;3m +0ms[39m
[32m[Nest] 51860  - [39m12/31/2025, 10:49:13 AM [32m    LOG[39m [38;5;3m[InstanceLoader] [39m[32mSchedulingModule dependencies initialized[39m[38;5;3m +0ms[39m
[32m[Nest] 51860  - [39m12/31/2025, 10:49:13 AM [32m    LOG[39m [38;5;3m[InstanceLoader] [39m[32mAuthModule dependencies initialized[39m[38;5;3m +0ms[39m
[32m[Nest] 51860  - [39m12/31/2025, 10:49:13 AM [32m    LOG[39m [38;5;3m[RoutesResolver] [39m[32mAppController {/}:[39m[38;5;3m +2ms[39m
[32m[Nest] 51860  - [39m12/31/2025, 10:49:13 AM [32m    LOG[39m [38;5;3m[RouterExplorer] [39m[32mMapped {/, GET} route[39m[38;5;3m +1ms[39m
[32m[Nest] 51860  - [39m12/31/2025, 10:49:13 AM [32m    LOG[39m [38;5;3m[RouterExplorer] [39m[32mMapped {/businesses, GET} route[39m[38;5;3m +0ms[39m
[32m[Nest] 51860  - [39m12/31/2025, 10:49:13 AM [32m    LOG[39m [38;5;3m[RoutesResolver] [39m[32mAuthController {/auth}:[39m[38;5;3m +0ms[39m
[32m[Nest] 51860  - [39m12/31/2025, 10:49:13 AM [32m    LOG[39m [38;5;3m[RouterExplorer] [39m[32mMapped {/auth/login, POST} route[39m[38;5;3m +0ms[39m
[32m[Nest] 51860  - [39m12/31/2025, 10:49:13 AM [32m    LOG[39m [38;5;3m[RouterExplorer] [39m[32mMapped {/auth/register, POST} route[39m[38;5;3m +0ms[39m
[32m[Nest] 51860  - [39m12/31/2025, 10:49:13 AM [32m    LOG[39m [38;5;3m[RouterExplorer] [39m[32mMapped {/auth/profile, GET} route[39m[38;5;3m +0ms[39m
[32m[Nest] 51860  - [39m12/31/2025, 10:49:13 AM [32m    LOG[39m [38;5;3m[RoutesResolver] [39m[32mPayrollController {/payroll}:[39m[38;5;3m +0ms[39m
[32m[Nest] 51860  - [39m12/31/2025, 10:49:13 AM [32m    LOG[39m [38;5;3m[RouterExplorer] [39m[32mMapped {/payroll/create, POST} route[39m[38;5;3m +0ms[39m
[32m[Nest] 51860  - [39m12/31/2025, 10:49:13 AM [32m    LOG[39m [38;5;3m[RouterExplorer] [39m[32mMapped {/payroll/:id/calculate, POST} route[39m[38;5;3m +1ms[39m
[32m[Nest] 51860  - [39m12/31/2025, 10:49:13 AM [32m    LOG[39m [38;5;3m[RouterExplorer] [39m[32mMapped {/payroll/:id/finalize, POST} route[39m[38;5;3m +0ms[39m
[32m[Nest] 51860  - [39m12/31/2025, 10:49:13 AM [32m    LOG[39m [38;5;3m[RouterExplorer] [39m[32mMapped {/payroll/:id, DELETE} route[39m[38;5;3m +0ms[39m
[32m[Nest] 51860  - [39m12/31/2025, 10:49:13 AM [32m    LOG[39m [38;5;3m[RouterExplorer] [39m[32mMapped {/payroll/paystub/:id, PATCH} route[39m[38;5;3m +0ms[39m
[32m[Nest] 51860  - [39m12/31/2025, 10:49:13 AM [32m    LOG[39m [38;5;3m[RouterExplorer] [39m[32mMapped {/payroll/paystubs, GET} route[39m[38;5;3m +0ms[39m
[32m[Nest] 51860  - [39m12/31/2025, 10:49:13 AM [32m    LOG[39m [38;5;3m[RouterExplorer] [39m[32mMapped {/payroll/my-paystubs, GET} route[39m[38;5;3m +0ms[39m
[32m[Nest] 51860  - [39m12/31/2025, 10:49:13 AM [32m    LOG[39m [38;5;3m[RouterExplorer] [39m[32mMapped {/payroll, GET} route[39m[38;5;3m +0ms[39m
[32m[Nest] 51860  - [39m12/31/2025, 10:49:13 AM [32m    LOG[39m [38;5;3m[RouterExplorer] [39m[32mMapped {/payroll/:id, GET} route[39m[38;5;3m +0ms[39m
[32m[Nest] 51860  - [39m12/31/2025, 10:49:13 AM [32m    LOG[39m [38;5;3m[RouterExplorer] [39m[32mMapped {/payroll/business/:businessId, GET} route[39m[38;5;3m +0ms[39m
[32m[Nest] 51860  - [39m12/31/2025, 10:49:13 AM [32m    LOG[39m [38;5;3m[RouterExplorer] [39m[32mMapped {/payroll/report/year-end, GET} route[39m[38;5;3m +0ms[39m
[32m[Nest] 51860  - [39m12/31/2025, 10:49:13 AM [32m    LOG[39m [38;5;3m[RouterExplorer] [39m[32mMapped {/payroll/report/annual, GET} route[39m[38;5;3m +0ms[39m
[32m[Nest] 51860  - [39m12/31/2025, 10:49:13 AM [32m    LOG[39m [38;5;3m[RoutesResolver] [39m[32mSchedulingController {/scheduling}:[39m[38;5;3m +1ms[39m
[32m[Nest] 51860  - [39m12/31/2025, 10:49:13 AM [32m    LOG[39m [38;5;3m[RouterExplorer] [39m[32mMapped {/scheduling/shifts, POST} route[39m[38;5;3m +0ms[39m
[32m[Nest] 51860  - [39m12/31/2025, 10:49:13 AM [32m    LOG[39m [38;5;3m[RouterExplorer] [39m[32mMapped {/scheduling/shifts, GET} route[39m[38;5;3m +0ms[39m
[32m[Nest] 51860  - [39m12/31/2025, 10:49:13 AM [32m    LOG[39m [38;5;3m[RouterExplorer] [39m[32mMapped {/scheduling/my, GET} route[39m[38;5;3m +0ms[39m
[32m[Nest] 51860  - [39m12/31/2025, 10:49:13 AM [32m    LOG[39m [38;5;3m[RouterExplorer] [39m[32mMapped {/scheduling/my-peers, GET} route[39m[38;5;3m +0ms[39m
[32m[Nest] 51860  - [39m12/31/2025, 10:49:13 AM [32m    LOG[39m [38;5;3m[RouterExplorer] [39m[32mMapped {/scheduling/shifts/:id/apply, POST} route[39m[38;5;3m +0ms[39m
[32m[Nest] 51860  - [39m12/31/2025, 10:49:13 AM [32m    LOG[39m [38;5;3m[RouterExplorer] [39m[32mMapped {/scheduling/applications/:id/approve, POST} route[39m[38;5;3m +0ms[39m
[32m[Nest] 51860  - [39m12/31/2025, 10:49:13 AM [32m    LOG[39m [38;5;3m[RouterExplorer] [39m[32mMapped {/scheduling/applications/:id/decline, POST} route[39m[38;5;3m +0ms[39m
[32m[Nest] 51860  - [39m12/31/2025, 10:49:13 AM [32m    LOG[39m [38;5;3m[RouterExplorer] [39m[32mMapped {/scheduling/shifts/:id, PUT} route[39m[38;5;3m +0ms[39m
[32m[Nest] 51860  - [39m12/31/2025, 10:49:13 AM [32m    LOG[39m [38;5;3m[RouterExplorer] [39m[32mMapped {/scheduling/shifts/:id, DELETE} route[39m[38;5;3m +0ms[39m
[32m[Nest] 51860  - [39m12/31/2025, 10:49:13 AM [32m    LOG[39m [38;5;3m[RouterExplorer] [39m[32mMapped {/scheduling/shifts/publish, POST} route[39m[38;5;3m +0ms[39m
[32m[Nest] 51860  - [39m12/31/2025, 10:49:13 AM [32m    LOG[39m [38;5;3m[RoutesResolver] [39m[32mNotificationsController {/notifications}:[39m[38;5;3m +0ms[39m
[32m[Nest] 51860  - [39m12/31/2025, 10:49:13 AM [32m    LOG[39m [38;5;3m[RouterExplorer] [39m[32mMapped {/notifications, GET} route[39m[38;5;3m +0ms[39m
[32m[Nest] 51860  - [39m12/31/2025, 10:49:13 AM [32m    LOG[39m [38;5;3m[RouterExplorer] [39m[32mMapped {/notifications/conversation/:employeeId, GET} route[39m[38;5;3m +0ms[39m
[32m[Nest] 51860  - [39m12/31/2025, 10:49:13 AM [32m    LOG[39m [38;5;3m[RouterExplorer] [39m[32mMapped {/notifications/conversation, POST} route[39m[38;5;3m +0ms[39m
[32m[Nest] 51860  - [39m12/31/2025, 10:49:13 AM [32m    LOG[39m [38;5;3m[RouterExplorer] [39m[32mMapped {/notifications/:id/read, PATCH} route[39m[38;5;3m +0ms[39m
[32m[Nest] 51860  - [39m12/31/2025, 10:49:13 AM [32m    LOG[39m [38;5;3m[RouterExplorer] [39m[32mMapped {/notifications/read-all, PATCH} route[39m[38;5;3m +0ms[39m
[32m[Nest] 51860  - [39m12/31/2025, 10:49:13 AM [32m    LOG[39m [38;5;3m[RouterExplorer] [39m[32mMapped {/notifications/:id, DELETE} route[39m[38;5;3m +0ms[39m
[32m[Nest] 51860  - [39m12/31/2025, 10:49:13 AM [32m    LOG[39m [38;5;3m[RouterExplorer] [39m[32mMapped {/notifications/stream, GET} route[39m[38;5;3m +0ms[39m
[32m[Nest] 51860  - [39m12/31/2025, 10:49:13 AM [32m    LOG[39m [38;5;3m[RoutesResolver] [39m[32mPushController {/push}:[39m[38;5;3m +0ms[39m
[32m[Nest] 51860  - [39m12/31/2025, 10:49:13 AM [32m    LOG[39m [38;5;3m[RouterExplorer] [39m[32mMapped {/push/register, POST} route[39m[38;5;3m +0ms[39m
[32m[Nest] 51860  - [39m12/31/2025, 10:49:13 AM [32m    LOG[39m [38;5;3m[RouterExplorer] [39m[32mMapped {/push/register, DELETE} route[39m[38;5;3m +0ms[39m
[32m[Nest] 51860  - [39m12/31/2025, 10:49:13 AM [32m    LOG[39m [38;5;3m[RoutesResolver] [39m[32mTimeTrackingController {/time-tracking}:[39m[38;5;3m +0ms[39m
[32m[Nest] 51860  - [39m12/31/2025, 10:49:13 AM [32m    LOG[39m [38;5;3m[RouterExplorer] [39m[32mMapped {/time-tracking/import, POST} route[39m[38;5;3m +0ms[39m
[32m[Nest] 51860  - [39m12/31/2025, 10:49:13 AM [32m    LOG[39m [38;5;3m[RouterExplorer] [39m[32mMapped {/time-tracking/clock-in, POST} route[39m[38;5;3m +0ms[39m
[32m[Nest] 51860  - [39m12/31/2025, 10:49:13 AM [32m    LOG[39m [38;5;3m[RouterExplorer] [39m[32mMapped {/time-tracking/clock-out, POST} route[39m[38;5;3m +1ms[39m
[32m[Nest] 51860  - [39m12/31/2025, 10:49:13 AM [32m    LOG[39m [38;5;3m[RouterExplorer] [39m[32mMapped {/time-tracking/admin/clock-in, POST} route[39m[38;5;3m +0ms[39m
[32m[Nest] 51860  - [39m12/31/2025, 10:49:13 AM [32m    LOG[39m [38;5;3m[RouterExplorer] [39m[32mMapped {/time-tracking/admin/clock-out, POST} route[39m[38;5;3m +0ms[39m
[32m[Nest] 51860  - [39m12/31/2025, 10:49:13 AM [32m    LOG[39m [38;5;3m[RouterExplorer] [39m[32mMapped {/time-tracking/admin/status/:employeeId, GET} route[39m[38;5;3m +0ms[39m
[32m[Nest] 51860  - [39m12/31/2025, 10:49:13 AM [32m    LOG[39m [38;5;3m[RouterExplorer] [39m[32mMapped {/time-tracking/break/start, POST} route[39m[38;5;3m +0ms[39m
[32m[Nest] 51860  - [39m12/31/2025, 10:49:13 AM [32m    LOG[39m [38;5;3m[RouterExplorer] [39m[32mMapped {/time-tracking/break/end, POST} route[39m[38;5;3m +0ms[39m
[32m[Nest] 51860  - [39m12/31/2025, 10:49:13 AM [32m    LOG[39m [38;5;3m[RouterExplorer] [39m[32mMapped {/time-tracking/status, GET} route[39m[38;5;3m +0ms[39m
[32m[Nest] 51860  - [39m12/31/2025, 10:49:13 AM [32m    LOG[39m [38;5;3m[RouterExplorer] [39m[32mMapped {/time-tracking/timesheets, GET} route[39m[38;5;3m +0ms[39m
[32m[Nest] 51860  - [39m12/31/2025, 10:49:13 AM [32m    LOG[39m [38;5;3m[RouterExplorer] [39m[32mMapped {/time-tracking/timesheets/:id, PATCH} route[39m[38;5;3m +0ms[39m
[32m[Nest] 51860  - [39m12/31/2025, 10:49:13 AM [32m    LOG[39m [38;5;3m[RouterExplorer] [39m[32mMapped {/time-tracking/timesheets/:id, DELETE} route[39m[38;5;3m +0ms[39m
[32m[Nest] 51860  - [39m12/31/2025, 10:49:13 AM [32m    LOG[39m [38;5;3m[RouterExplorer] [39m[32mMapped {/time-tracking/timesheets/:id/restore, POST} route[39m[38;5;3m +0ms[39m
[32m[Nest] 51860  - [39m12/31/2025, 10:49:13 AM [32m    LOG[39m [38;5;3m[RoutesResolver] [39m[32mLeaveController {/leave}:[39m[38;5;3m +0ms[39m
[32m[Nest] 51860  - [39m12/31/2025, 10:49:13 AM [32m    LOG[39m [38;5;3m[RouterExplorer] [39m[32mMapped {/leave/types, POST} route[39m[38;5;3m +0ms[39m
[32m[Nest] 51860  - [39m12/31/2025, 10:49:13 AM [32m    LOG[39m [38;5;3m[RouterExplorer] [39m[32mMapped {/leave/calculate-hours, GET} route[39m[38;5;3m +0ms[39m
[32m[Nest] 51860  - [39m12/31/2025, 10:49:13 AM [32m    LOG[39m [38;5;3m[RouterExplorer] [39m[32mMapped {/leave/types/:businessId, GET} route[39m[38;5;3m +0ms[39m
[32m[Nest] 51860  - [39m12/31/2025, 10:49:13 AM [32m    LOG[39m [38;5;3m[RouterExplorer] [39m[32mMapped {/leave/types/:id, PUT} route[39m[38;5;3m +0ms[39m
[32m[Nest] 51860  - [39m12/31/2025, 10:49:13 AM [32m    LOG[39m [38;5;3m[RouterExplorer] [39m[32mMapped {/leave/balance, POST} route[39m[38;5;3m +0ms[39m
[32m[Nest] 51860  - [39m12/31/2025, 10:49:13 AM [32m    LOG[39m [38;5;3m[RouterExplorer] [39m[32mMapped {/leave/balance, GET} route[39m[38;5;3m +0ms[39m
[32m[Nest] 51860  - [39m12/31/2025, 10:49:13 AM [32m    LOG[39m [38;5;3m[RouterExplorer] [39m[32mMapped {/leave/request, POST} route[39m[38;5;3m +0ms[39m
[32m[Nest] 51860  - [39m12/31/2025, 10:49:13 AM [32m    LOG[39m [38;5;3m[RouterExplorer] [39m[32mMapped {/leave/requests, GET} route[39m[38;5;3m +0ms[39m
[32m[Nest] 51860  - [39m12/31/2025, 10:49:13 AM [32m    LOG[39m [38;5;3m[RouterExplorer] [39m[32mMapped {/leave/my-requests, GET} route[39m[38;5;3m +0ms[39m
[32m[Nest] 51860  - [39m12/31/2025, 10:49:13 AM [32m    LOG[39m [38;5;3m[RouterExplorer] [39m[32mMapped {/leave/requests/:id/status, PUT} route[39m[38;5;3m +0ms[39m
[32m[Nest] 51860  - [39m12/31/2025, 10:49:13 AM [32m    LOG[39m [38;5;3m[RouterExplorer] [39m[32mMapped {/leave/requests/:id, PUT} route[39m[38;5;3m +0ms[39m
[32m[Nest] 51860  - [39m12/31/2025, 10:49:13 AM [32m    LOG[39m [38;5;3m[RouterExplorer] [39m[32mMapped {/leave/accrue, POST} route[39m[38;5;3m +0ms[39m
[32m[Nest] 51860  - [39m12/31/2025, 10:49:13 AM [32m    LOG[39m [38;5;3m[RouterExplorer] [39m[32mMapped {/leave/accrue/payroll, POST} route[39m[38;5;3m +0ms[39m
[32m[Nest] 51860  - [39m12/31/2025, 10:49:13 AM [32m    LOG[39m [38;5;3m[RoutesResolver] [39m[32mLoansController {/loans}:[39m[38;5;3m +0ms[39m
[32m[Nest] 51860  - [39m12/31/2025, 10:49:13 AM [32m    LOG[39m [38;5;3m[RouterExplorer] [39m[32mMapped {/loans, POST} route[39m[38;5;3m +0ms[39m
[32m[Nest] 51860  - [39m12/31/2025, 10:49:13 AM [32m    LOG[39m [38;5;3m[RouterExplorer] [39m[32mMapped {/loans, GET} route[39m[38;5;3m +0ms[39m
[32m[Nest] 51860  - [39m12/31/2025, 10:49:13 AM [32m    LOG[39m [38;5;3m[RouterExplorer] [39m[32mMapped {/loans/my-loans, GET} route[39m[38;5;3m +0ms[39m
[32m[Nest] 51860  - [39m12/31/2025, 10:49:13 AM [32m    LOG[39m [38;5;3m[RouterExplorer] [39m[32mMapped {/loans/:id, GET} route[39m[38;5;3m +1ms[39m
[32m[Nest] 51860  - [39m12/31/2025, 10:49:13 AM [32m    LOG[39m [38;5;3m[RouterExplorer] [39m[32mMapped {/loans/:id/approve, PATCH} route[39m[38;5;3m +0ms[39m
[32m[Nest] 51860  - [39m12/31/2025, 10:49:13 AM [32m    LOG[39m [38;5;3m[RouterExplorer] [39m[32mMapped {/loans/:id/reject, PATCH} route[39m[38;5;3m +0ms[39m
[32m[Nest] 51860  - [39m12/31/2025, 10:49:13 AM [32m    LOG[39m [38;5;3m[RoutesResolver] [39m[32mInvoicesController {/invoices}:[39m[38;5;3m +0ms[39m
[32m[Nest] 51860  - [39m12/31/2025, 10:49:13 AM [32m    LOG[39m [38;5;3m[RouterExplorer] [39m[32mMapped {/invoices/clients, POST} route[39m[38;5;3m +0ms[39m
[32m[Nest] 51860  - [39m12/31/2025, 10:49:13 AM [32m    LOG[39m [38;5;3m[RouterExplorer] [39m[32mMapped {/invoices/clients, GET} route[39m[38;5;3m +0ms[39m
[32m[Nest] 51860  - [39m12/31/2025, 10:49:13 AM [32m    LOG[39m [38;5;3m[RouterExplorer] [39m[32mMapped {/invoices, POST} route[39m[38;5;3m +0ms[39m
[32m[Nest] 51860  - [39m12/31/2025, 10:49:13 AM [32m    LOG[39m [38;5;3m[RouterExplorer] [39m[32mMapped {/invoices/:id, PATCH} route[39m[38;5;3m +0ms[39m
[32m[Nest] 51860  - [39m12/31/2025, 10:49:13 AM [32m    LOG[39m [38;5;3m[RouterExplorer] [39m[32mMapped {/invoices/:id/send, POST} route[39m[38;5;3m +0ms[39m
[32m[Nest] 51860  - [39m12/31/2025, 10:49:13 AM [32m    LOG[39m [38;5;3m[RouterExplorer] [39m[32mMapped {/invoices, GET} route[39m[38;5;3m +0ms[39m
[32m[Nest] 51860  - [39m12/31/2025, 10:49:13 AM [32m    LOG[39m [38;5;3m[RouterExplorer] [39m[32mMapped {/invoices/client/:clientId, GET} route[39m[38;5;3m +0ms[39m
[32m[Nest] 51860  - [39m12/31/2025, 10:49:13 AM [32m    LOG[39m [38;5;3m[RouterExplorer] [39m[32mMapped {/invoices/:id, GET} route[39m[38;5;3m +0ms[39m
[32m[Nest] 51860  - [39m12/31/2025, 10:49:13 AM [32m    LOG[39m [38;5;3m[RoutesResolver] [39m[32mReportsController {/reports}:[39m[38;5;3m +0ms[39m
[32m[Nest] 51860  - [39m12/31/2025, 10:49:13 AM [32m    LOG[39m [38;5;3m[RouterExplorer] [39m[32mMapped {/reports/dashboard-stats, GET} route[39m[38;5;3m +0ms[39m
[32m[Nest] 51860  - [39m12/31/2025, 10:49:13 AM [32m    LOG[39m [38;5;3m[RouterExplorer] [39m[32mMapped {/reports/payroll-summary, GET} route[39m[38;5;3m +0ms[39m
[32m[Nest] 51860  - [39m12/31/2025, 10:49:13 AM [32m    LOG[39m [38;5;3m[RouterExplorer] [39m[32mMapped {/reports/labor-cost, GET} route[39m[38;5;3m +0ms[39m
[32m[Nest] 51860  - [39m12/31/2025, 10:49:13 AM [32m    LOG[39m [38;5;3m[RouterExplorer] [39m[32mMapped {/reports/attendance, GET} route[39m[38;5;3m +0ms[39m
[32m[Nest] 51860  - [39m12/31/2025, 10:49:13 AM [32m    LOG[39m [38;5;3m[RoutesResolver] [39m[32mAuditController {/audit}:[39m[38;5;3m +0ms[39m
[32m[Nest] 51860  - [39m12/31/2025, 10:49:13 AM [32m    LOG[39m [38;5;3m[RouterExplorer] [39m[32mMapped {/audit, GET} route[39m[38;5;3m +1ms[39m
[32m[Nest] 51860  - [39m12/31/2025, 10:49:13 AM [32m    LOG[39m [38;5;3m[RoutesResolver] [39m[32mEmployeesController {/employees}:[39m[38;5;3m +0ms[39m
[32m[Nest] 51860  - [39m12/31/2025, 10:49:13 AM [32m    LOG[39m [38;5;3m[RouterExplorer] [39m[32mMapped {/employees, GET} route[39m[38;5;3m +1ms[39m
[32m[Nest] 51860  - [39m12/31/2025, 10:49:13 AM [32m    LOG[39m [38;5;3m[RouterExplorer] [39m[32mMapped {/employees/qualifications/expiring, GET} route[39m[38;5;3m +0ms[39m
[32m[Nest] 51860  - [39m12/31/2025, 10:49:13 AM [32m    LOG[39m [38;5;3m[RouterExplorer] [39m[32mMapped {/employees/qualifications/all, GET} route[39m[38;5;3m +0ms[39m
[32m[Nest] 51860  - [39m12/31/2025, 10:49:13 AM [32m    LOG[39m [38;5;3m[RouterExplorer] [39m[32mMapped {/employees/availability/all, GET} route[39m[38;5;3m +0ms[39m
[32m[Nest] 51860  - [39m12/31/2025, 10:49:13 AM [32m    LOG[39m [38;5;3m[RouterExplorer] [39m[32mMapped {/employees/:id, GET} route[39m[38;5;3m +0ms[39m
[32m[Nest] 51860  - [39m12/31/2025, 10:49:13 AM [32m    LOG[39m [38;5;3m[RouterExplorer] [39m[32mMapped {/employees, POST} route[39m[38;5;3m +0ms[39m
[32m[Nest] 51860  - [39m12/31/2025, 10:49:13 AM [32m    LOG[39m [38;5;3m[RouterExplorer] [39m[32mMapped {/employees/:id, PATCH} route[39m[38;5;3m +0ms[39m
[32m[Nest] 51860  - [39m12/31/2025, 10:49:13 AM [32m    LOG[39m [38;5;3m[RouterExplorer] [39m[32mMapped {/employees/:id/password, PATCH} route[39m[38;5;3m +0ms[39m
[32m[Nest] 51860  - [39m12/31/2025, 10:49:13 AM [32m    LOG[39m [38;5;3m[RouterExplorer] [39m[32mMapped {/employees/:id/availability, GET} route[39m[38;5;3m +0ms[39m
[32m[Nest] 51860  - [39m12/31/2025, 10:49:13 AM [32m    LOG[39m [38;5;3m[RouterExplorer] [39m[32mMapped {/employees/:id/availability, POST} route[39m[38;5;3m +0ms[39m
[32m[Nest] 51860  - [39m12/31/2025, 10:49:13 AM [32m    LOG[39m [38;5;3m[RouterExplorer] [39m[32mMapped {/employees/:id/availability/:availabilityId, PATCH} route[39m[38;5;3m +0ms[39m
[32m[Nest] 51860  - [39m12/31/2025, 10:49:13 AM [32m    LOG[39m [38;5;3m[RouterExplorer] [39m[32mMapped {/employees/:id/availability/:availabilityId, DELETE} route[39m[38;5;3m +0ms[39m
[32m[Nest] 51860  - [39m12/31/2025, 10:49:13 AM [32m    LOG[39m [38;5;3m[RouterExplorer] [39m[32mMapped {/employees/:id/qualifications, GET} route[39m[38;5;3m +0ms[39m
[32m[Nest] 51860  - [39m12/31/2025, 10:49:13 AM [32m    LOG[39m [38;5;3m[RouterExplorer] [39m[32mMapped {/employees/:id/qualifications, POST} route[39m[38;5;3m +0ms[39m
[32m[Nest] 51860  - [39m12/31/2025, 10:49:13 AM [32m    LOG[39m [38;5;3m[RouterExplorer] [39m[32mMapped {/employees/:id/qualifications/:qualificationId, PATCH} route[39m[38;5;3m +0ms[39m
[32m[Nest] 51860  - [39m12/31/2025, 10:49:13 AM [32m    LOG[39m [38;5;3m[RouterExplorer] [39m[32mMapped {/employees/:id/qualifications/:qualificationId, DELETE} route[39m[38;5;3m +0ms[39m
[32m[Nest] 51860  - [39m12/31/2025, 10:49:13 AM [32m    LOG[39m [38;5;3m[RoutesResolver] [39m[32mBusinessesController {/businesses}:[39m[38;5;3m +0ms[39m
[32m[Nest] 51860  - [39m12/31/2025, 10:49:13 AM [32m    LOG[39m [38;5;3m[RouterExplorer] [39m[32mMapped {/businesses, POST} route[39m[38;5;3m +0ms[39m
[32m[Nest] 51860  - [39m12/31/2025, 10:49:13 AM [32m    LOG[39m [38;5;3m[RouterExplorer] [39m[32mMapped {/businesses, GET} route[39m[38;5;3m +0ms[39m
[32m[Nest] 51860  - [39m12/31/2025, 10:49:13 AM [32m    LOG[39m [38;5;3m[RouterExplorer] [39m[32mMapped {/businesses/mine, GET} route[39m[38;5;3m +0ms[39m
[32m[Nest] 51860  - [39m12/31/2025, 10:49:13 AM [32m    LOG[39m [38;5;3m[RouterExplorer] [39m[32mMapped {/businesses/:id, GET} route[39m[38;5;3m +0ms[39m
[32m[Nest] 51860  - [39m12/31/2025, 10:49:13 AM [32m    LOG[39m [38;5;3m[RouterExplorer] [39m[32mMapped {/businesses/:id, PATCH} route[39m[38;5;3m +0ms[39m
[32m[Nest] 51860  - [39m12/31/2025, 10:49:13 AM [32m    LOG[39m [38;5;3m[RoutesResolver] [39m[32mLocationsController {/locations}:[39m[38;5;3m +0ms[39m
[32m[Nest] 51860  - [39m12/31/2025, 10:49:13 AM [32m    LOG[39m [38;5;3m[RouterExplorer] [39m[32mMapped {/locations, POST} route[39m[38;5;3m +0ms[39m
[32m[Nest] 51860  - [39m12/31/2025, 10:49:13 AM [32m    LOG[39m [38;5;3m[RouterExplorer] [39m[32mMapped {/locations, GET} route[39m[38;5;3m +0ms[39m
[32m[Nest] 51860  - [39m12/31/2025, 10:49:13 AM [32m    LOG[39m [38;5;3m[RouterExplorer] [39m[32mMapped {/locations/:id, GET} route[39m[38;5;3m +0ms[39m
[32m[Nest] 51860  - [39m12/31/2025, 10:49:13 AM [32m    LOG[39m [38;5;3m[RouterExplorer] [39m[32mMapped {/locations/:id, PATCH} route[39m[38;5;3m +0ms[39m
[32m[Nest] 51860  - [39m12/31/2025, 10:49:13 AM [32m    LOG[39m [38;5;3m[RouterExplorer] [39m[32mMapped {/locations/:id, DELETE} route[39m[38;5;3m +0ms[39m
[32m[Nest] 51860  - [39m12/31/2025, 10:49:13 AM [32m    LOG[39m [38;5;3m[RoutesResolver] [39m[32mClientsController {/clients}:[39m[38;5;3m +0ms[39m
[32m[Nest] 51860  - [39m12/31/2025, 10:49:13 AM [32m    LOG[39m [38;5;3m[RouterExplorer] [39m[32mMapped {/clients, POST} route[39m[38;5;3m +0ms[39m
[32m[Nest] 51860  - [39m12/31/2025, 10:49:13 AM [32m    LOG[39m [38;5;3m[RouterExplorer] [39m[32mMapped {/clients, GET} route[39m[38;5;3m +1ms[39m
[32m[Nest] 51860  - [39m12/31/2025, 10:49:13 AM [32m    LOG[39m [38;5;3m[RouterExplorer] [39m[32mMapped {/clients/:id, GET} route[39m[38;5;3m +0ms[39m
[32m[Nest] 51860  - [39m12/31/2025, 10:49:13 AM [32m    LOG[39m [38;5;3m[RouterExplorer] [39m[32mMapped {/clients/:id, PATCH} route[39m[38;5;3m +0ms[39m
[32m[Nest] 51860  - [39m12/31/2025, 10:49:13 AM [32m    LOG[39m [38;5;3m[RouterExplorer] [39m[32mMapped {/clients/:id, DELETE} route[39m[38;5;3m +0ms[39m
[32m[Nest] 51860  - [39m12/31/2025, 10:49:13 AM [32m    LOG[39m [38;5;3m[RoutesResolver] [39m[32mServicePinsController {/service-pins}:[39m[38;5;3m +0ms[39m
[32m[Nest] 51860  - [39m12/31/2025, 10:49:13 AM [32m    LOG[39m [38;5;3m[RouterExplorer] [39m[32mMapped {/service-pins, POST} route[39m[38;5;3m +0ms[39m
[32m[Nest] 51860  - [39m12/31/2025, 10:49:13 AM [32m    LOG[39m [38;5;3m[RouterExplorer] [39m[32mMapped {/service-pins/location/:locationId, GET} route[39m[38;5;3m +0ms[39m
[32m[Nest] 51860  - [39m12/31/2025, 10:49:13 AM [32m    LOG[39m [38;5;3m[RouterExplorer] [39m[32mMapped {/service-pins/:id, GET} route[39m[38;5;3m +0ms[39m
[32m[Nest] 51860  - [39m12/31/2025, 10:49:13 AM [32m    LOG[39m [38;5;3m[RouterExplorer] [39m[32mMapped {/service-pins/:id, PATCH} route[39m[38;5;3m +0ms[39m
[32m[Nest] 51860  - [39m12/31/2025, 10:49:13 AM [32m    LOG[39m [38;5;3m[RouterExplorer] [39m[32mMapped {/service-pins/:id, DELETE} route[39m[38;5;3m +0ms[39m
[32m[Nest] 51860  - [39m12/31/2025, 10:49:13 AM [32m    LOG[39m [38;5;3m[RoutesResolver] [39m[32mPatrolLogsController {/patrol-logs}:[39m[38;5;3m +0ms[39m
[32m[Nest] 51860  - [39m12/31/2025, 10:49:13 AM [32m    LOG[39m [38;5;3m[RouterExplorer] [39m[32mMapped {/patrol-logs, POST} route[39m[38;5;3m +0ms[39m
[32m[Nest] 51860  - [39m12/31/2025, 10:49:13 AM [32m    LOG[39m [38;5;3m[RouterExplorer] [39m[32mMapped {/patrol-logs/pin/:servicePinId, GET} route[39m[38;5;3m +0ms[39m
[32m[Nest] 51860  - [39m12/31/2025, 10:49:13 AM [32m    LOG[39m [38;5;3m[RouterExplorer] [39m[32mMapped {/patrol-logs/location/:locationId, GET} route[39m[38;5;3m +0ms[39m
[32m[Nest] 51860  - [39m12/31/2025, 10:49:13 AM [32m    LOG[39m [38;5;3m[RouterExplorer] [39m[32mMapped {/patrol-logs, GET} route[39m[38;5;3m +0ms[39m
[32m[Nest] 51860  - [39m12/31/2025, 10:49:13 AM [32m    LOG[39m [38;5;3m[RoutesResolver] [39m[32mUploadsController {/uploads}:[39m[38;5;3m +0ms[39m
[32m[Nest] 51860  - [39m12/31/2025, 10:49:13 AM [32m    LOG[39m [38;5;3m[RouterExplorer] [39m[32mMapped {/uploads, POST} route[39m[38;5;3m +0ms[39m
[32m[Nest] 51860  - [39m12/31/2025, 10:49:13 AM [32m    LOG[39m [38;5;3m[RouterExplorer] [39m[32mMapped {/uploads/:filename, GET} route[39m[38;5;3m +0ms[39m
[32m[Nest] 51860  - [39m12/31/2025, 10:49:13 AM [32m    LOG[39m [38;5;3m[RoutesResolver] [39m[32mDepartmentsController {/departments}:[39m[38;5;3m +0ms[39m
[32m[Nest] 51860  - [39m12/31/2025, 10:49:13 AM [32m    LOG[39m [38;5;3m[RouterExplorer] [39m[32mMapped {/departments, POST} route[39m[38;5;3m +0ms[39m
[32m[Nest] 51860  - [39m12/31/2025, 10:49:13 AM [32m    LOG[39m [38;5;3m[RouterExplorer] [39m[32mMapped {/departments, GET} route[39m[38;5;3m +0ms[39m
[32m[Nest] 51860  - [39m12/31/2025, 10:49:13 AM [32m    LOG[39m [38;5;3m[RouterExplorer] [39m[32mMapped {/departments/:id, GET} route[39m[38;5;3m +0ms[39m
[32m[Nest] 51860  - [39m12/31/2025, 10:49:13 AM [32m    LOG[39m [38;5;3m[RouterExplorer] [39m[32mMapped {/departments/:id/members, GET} route[39m[38;5;3m +0ms[39m
[32m[Nest] 51860  - [39m12/31/2025, 10:49:13 AM [32m    LOG[39m [38;5;3m[RouterExplorer] [39m[32mMapped {/departments/:id/members, POST} route[39m[38;5;3m +0ms[39m
[32m[Nest] 51860  - [39m12/31/2025, 10:49:13 AM [32m    LOG[39m [38;5;3m[RouterExplorer] [39m[32mMapped {/departments/:id/members/:employeeId, DELETE} route[39m[38;5;3m +0ms[39m
[32m[Nest] 51860  - [39m12/31/2025, 10:49:13 AM [32m    LOG[39m [38;5;3m[RouterExplorer] [39m[32mMapped {/departments/:id/manager, POST} route[39m[38;5;3m +0ms[39m
[32m[Nest] 51860  - [39m12/31/2025, 10:49:13 AM [32m    LOG[39m [38;5;3m[RouterExplorer] [39m[32mMapped {/departments/:id/manager, DELETE} route[39m[38;5;3m +0ms[39m
[32m[Nest] 51860  - [39m12/31/2025, 10:49:13 AM [32m    LOG[39m [38;5;3m[RouterExplorer] [39m[32mMapped {/departments/:id, PATCH} route[39m[38;5;3m +0ms[39m
[32m[Nest] 51860  - [39m12/31/2025, 10:49:13 AM [32m    LOG[39m [38;5;3m[RouterExplorer] [39m[32mMapped {/departments/:id, DELETE} route[39m[38;5;3m +0ms[39m
[32m[Nest] 51860  - [39m12/31/2025, 10:49:13 AM [32m    LOG[39m [38;5;3m[RoutesResolver] [39m[32mRolesController {/roles}:[39m[38;5;3m +0ms[39m
[32m[Nest] 51860  - [39m12/31/2025, 10:49:13 AM [32m    LOG[39m [38;5;3m[RouterExplorer] [39m[32mMapped {/roles, POST} route[39m[38;5;3m +0ms[39m
[32m[Nest] 51860  - [39m12/31/2025, 10:49:13 AM [32m    LOG[39m [38;5;3m[RouterExplorer] [39m[32mMapped {/roles, GET} route[39m[38;5;3m +0ms[39m
[32m[Nest] 51860  - [39m12/31/2025, 10:49:13 AM [32m    LOG[39m [38;5;3m[RouterExplorer] [39m[32mMapped {/roles/:id, GET} route[39m[38;5;3m +0ms[39m
[32m[Nest] 51860  - [39m12/31/2025, 10:49:13 AM [32m    LOG[39m [38;5;3m[RouterExplorer] [39m[32mMapped {/roles/:id/members, GET} route[39m[38;5;3m +0ms[39m
[32m[Nest] 51860  - [39m12/31/2025, 10:49:13 AM [32m    LOG[39m [38;5;3m[RouterExplorer] [39m[32mMapped {/roles/:id/members, POST} route[39m[38;5;3m +0ms[39m
[32m[Nest] 51860  - [39m12/31/2025, 10:49:13 AM [32m    LOG[39m [38;5;3m[RouterExplorer] [39m[32mMapped {/roles/:id/members/:employeeId, DELETE} route[39m[38;5;3m +1ms[39m
[32m[Nest] 51860  - [39m12/31/2025, 10:49:13 AM [32m    LOG[39m [38;5;3m[RouterExplorer] [39m[32mMapped {/roles/:id, PATCH} route[39m[38;5;3m +0ms[39m
[32m[Nest] 51860  - [39m12/31/2025, 10:49:13 AM [32m    LOG[39m [38;5;3m[RouterExplorer] [39m[32mMapped {/roles/:id, DELETE} route[39m[38;5;3m +0ms[39m
[32m[Nest] 51860  - [39m12/31/2025, 10:49:13 AM [32m    LOG[39m [38;5;3m[RoutesResolver] [39m[32mAnnouncementsController {/announcements}:[39m[38;5;3m +0ms[39m
[32m[Nest] 51860  - [39m12/31/2025, 10:49:13 AM [32m    LOG[39m [38;5;3m[RouterExplorer] [39m[32mMapped {/announcements, POST} route[39m[38;5;3m +0ms[39m
[32m[Nest] 51860  - [39m12/31/2025, 10:49:13 AM [32m    LOG[39m [38;5;3m[RouterExplorer] [39m[32mMapped {/announcements, GET} route[39m[38;5;3m +0ms[39m
[32m[Nest] 51860  - [39m12/31/2025, 10:49:13 AM [32m    LOG[39m [38;5;3m[RouterExplorer] [39m[32mMapped {/announcements/:id, PATCH} route[39m[38;5;3m +0ms[39m
[32m[Nest] 51860  - [39m12/31/2025, 10:49:13 AM [32m    LOG[39m [38;5;3m[RouterExplorer] [39m[32mMapped {/announcements/:id/read, POST} route[39m[38;5;3m +0ms[39m
[32m[Nest] 51860  - [39m12/31/2025, 10:49:13 AM [32m    LOG[39m [38;5;3m[RouterExplorer] [39m[32mMapped {/announcements/:id, DELETE} route[39m[38;5;3m +0ms[39m
[32m[Nest] 51860  - [39m12/31/2025, 10:49:13 AM [32m    LOG[39m [38;5;3m[RoutesResolver] [39m[32mEmailCampaignsController {/email-campaigns}:[39m[38;5;3m +0ms[39m
[32m[Nest] 51860  - [39m12/31/2025, 10:49:13 AM [32m    LOG[39m [38;5;3m[RouterExplorer] [39m[32mMapped {/email-campaigns, POST} route[39m[38;5;3m +0ms[39m
[32m[Nest] 51860  - [39m12/31/2025, 10:49:13 AM [32m    LOG[39m [38;5;3m[RouterExplorer] [39m[32mMapped {/email-campaigns, GET} route[39m[38;5;3m +0ms[39m
[32m[Nest] 51860  - [39m12/31/2025, 10:49:13 AM [32m    LOG[39m [38;5;3m[RouterExplorer] [39m[32mMapped {/email-campaigns/:id, GET} route[39m[38;5;3m +0ms[39m
[32m[Nest] 51860  - [39m12/31/2025, 10:49:13 AM [32m    LOG[39m [38;5;3m[RouterExplorer] [39m[32mMapped {/email-campaigns/:id/send, POST} route[39m[38;5;3m +0ms[39m
[32m[Nest] 51860  - [39m12/31/2025, 10:49:13 AM [32m    LOG[39m [38;5;3m[RouterExplorer] [39m[32mMapped {/email-campaigns/:id, DELETE} route[39m[38;5;3m +0ms[39m
[32m[Nest] 51860  - [39m12/31/2025, 10:49:13 AM [32m    LOG[39m [38;5;3m[RoutesResolver] [39m[32mEmailTemplatesController {/email-templates}:[39m[38;5;3m +0ms[39m
[32m[Nest] 51860  - [39m12/31/2025, 10:49:13 AM [32m    LOG[39m [38;5;3m[RouterExplorer] [39m[32mMapped {/email-templates, POST} route[39m[38;5;3m +0ms[39m
[32m[Nest] 51860  - [39m12/31/2025, 10:49:13 AM [32m    LOG[39m [38;5;3m[RouterExplorer] [39m[32mMapped {/email-templates, GET} route[39m[38;5;3m +0ms[39m
[32m[Nest] 51860  - [39m12/31/2025, 10:49:13 AM [32m    LOG[39m [38;5;3m[RouterExplorer] [39m[32mMapped {/email-templates/:id, GET} route[39m[38;5;3m +0ms[39m
[32m[Nest] 51860  - [39m12/31/2025, 10:49:13 AM [32m    LOG[39m [38;5;3m[RouterExplorer] [39m[32mMapped {/email-templates/:id, PATCH} route[39m[38;5;3m +0ms[39m
[32m[Nest] 51860  - [39m12/31/2025, 10:49:13 AM [32m    LOG[39m [38;5;3m[RouterExplorer] [39m[32mMapped {/email-templates/:id, DELETE} route[39m[38;5;3m +0ms[39m
[32m[Nest] 51860  - [39m12/31/2025, 10:49:13 AM [32m    LOG[39m [38;5;3m[RoutesResolver] [39m[32mIncidentReportsController {/incident-reports}:[39m[38;5;3m +0ms[39m
[32m[Nest] 51860  - [39m12/31/2025, 10:49:13 AM [32m    LOG[39m [38;5;3m[RouterExplorer] [39m[32mMapped {/incident-reports, POST} route[39m[38;5;3m +0ms[39m
[32m[Nest] 51860  - [39m12/31/2025, 10:49:13 AM [32m    LOG[39m [38;5;3m[RouterExplorer] [39m[32mMapped {/incident-reports, GET} route[39m[38;5;3m +0ms[39m
[32m[Nest] 51860  - [39m12/31/2025, 10:49:13 AM [32m    LOG[39m [38;5;3m[RouterExplorer] [39m[32mMapped {/incident-reports/:id, GET} route[39m[38;5;3m +0ms[39m
[32m[Nest] 51860  - [39m12/31/2025, 10:49:13 AM [32m    LOG[39m [38;5;3m[RouterExplorer] [39m[32mMapped {/incident-reports/:id, PATCH} route[39m[38;5;3m +0ms[39m
[32m[Nest] 51860  - [39m12/31/2025, 10:49:13 AM [32m    LOG[39m [38;5;3m[RouterExplorer] [39m[32mMapped {/incident-reports/:id, DELETE} route[39m[38;5;3m +0ms[39m
[32m[Nest] 51860  - [39m12/31/2025, 10:49:13 AM [32m    LOG[39m [38;5;3m[RoutesResolver] [39m[32mAssetsController {/assets}:[39m[38;5;3m +0ms[39m
[32m[Nest] 51860  - [39m12/31/2025, 10:49:13 AM [32m    LOG[39m [38;5;3m[RouterExplorer] [39m[32mMapped {/assets, POST} route[39m[38;5;3m +0ms[39m
[32m[Nest] 51860  - [39m12/31/2025, 10:49:13 AM [32m    LOG[39m [38;5;3m[RouterExplorer] [39m[32mMapped {/assets/:id/assign, POST} route[39m[38;5;3m +0ms[39m
[32m[Nest] 51860  - [39m12/31/2025, 10:49:13 AM [32m    LOG[39m [38;5;3m[RouterExplorer] [39m[32mMapped {/assets/:id/return, POST} route[39m[38;5;3m +0ms[39m
[32m[Nest] 51860  - [39m12/31/2025, 10:49:13 AM [32m    LOG[39m [38;5;3m[RouterExplorer] [39m[32mMapped {/assets/:id/history, GET} route[39m[38;5;3m +0ms[39m
[32m[Nest] 51860  - [39m12/31/2025, 10:49:13 AM [32m    LOG[39m [38;5;3m[RouterExplorer] [39m[32mMapped {/assets, GET} route[39m[38;5;3m +0ms[39m
[32m[Nest] 51860  - [39m12/31/2025, 10:49:13 AM [32m    LOG[39m [38;5;3m[RouterExplorer] [39m[32mMapped {/assets/:id, GET} route[39m[38;5;3m +0ms[39m
[32m[Nest] 51860  - [39m12/31/2025, 10:49:13 AM [32m    LOG[39m [38;5;3m[RouterExplorer] [39m[32mMapped {/assets/:id, PATCH} route[39m[38;5;3m +0ms[39m
[32m[Nest] 51860  - [39m12/31/2025, 10:49:13 AM [32m    LOG[39m [38;5;3m[RouterExplorer] [39m[32mMapped {/assets/:id, DELETE} route[39m[38;5;3m +0ms[39m
[32m[Nest] 51860  - [39m12/31/2025, 10:49:13 AM [32m    LOG[39m [38;5;3m[RoutesResolver] [39m[32mPaymentsController {/payments}:[39m[38;5;3m +0ms[39m
[32m[Nest] 51860  - [39m12/31/2025, 10:49:13 AM [32m    LOG[39m [38;5;3m[RouterExplorer] [39m[32mMapped {/payments, POST} route[39m[38;5;3m +1ms[39m
[32m[Nest] 51860  - [39m12/31/2025, 10:49:13 AM [32m    LOG[39m [38;5;3m[RouterExplorer] [39m[32mMapped {/payments, GET} route[39m[38;5;3m +0ms[39m
[32m[Nest] 51860  - [39m12/31/2025, 10:49:13 AM [32m    LOG[39m [38;5;3m[RouterExplorer] [39m[32mMapped {/payments/:id, GET} route[39m[38;5;3m +0ms[39m
[32m[Nest] 51860  - [39m12/31/2025, 10:49:13 AM [32m    LOG[39m [38;5;3m[NestApplication] [39m[32mNest application successfully started[39m[38;5;3m +17ms[39m
Application is running on: http://localhost:3002
AUTH validateUser email= superadmin@unitedlinksecurity.com found= true
AUTH bcrypt.compare ok= true
Checking employee record for user: c45f92d4-b1c5-4331-bcfe-816b511ffe33
Employee record found: false
getShifts called {
  queryBusinessId: '1661819d-445d-4696-a0db-7048c2198301',
  headerBusinessId: '1661819d-445d-4696-a0db-7048c2198301',
  start: '2025-11-30T23:00:00.000Z',
  end: '2025-12-31T22:59:59.999Z',
  employeeId: 'c396325a-bb01-47f8-88de-449049932f32',
  user: {
    userId: 'c45f92d4-b1c5-4331-bcfe-816b511ffe33',
    email: 'superadmin@unitedlinksecurity.com',
    role: 'SUPER_ADMIN',
    businessId: '13b5d0ba-20bc-4d73-b3dc-c96689d17f22'
  }
}
targetBusinessId resolved: 1661819d-445d-4696-a0db-7048c2198301
AUTH validateUser email= psmile@allied.com found= true
AUTH bcrypt.compare ok= true
Checking employee record for user: 5f8fbe6f-8b59-4903-aafe-24e994d5d483
Employee record found: true
getShifts called {
  queryBusinessId: undefined,
  headerBusinessId: '1661819d-445d-4696-a0db-7048c2198301',
  start: '2025-12-28T23:00:00.000Z',
  end: '2026-01-04T22:59:59.999Z',
  employeeId: undefined,
  user: {
    userId: 'c45f92d4-b1c5-4331-bcfe-816b511ffe33',
    email: 'superadmin@unitedlinksecurity.com',
    role: 'SUPER_ADMIN',
    businessId: '13b5d0ba-20bc-4d73-b3dc-c96689d17f22'
  }
}
targetBusinessId resolved: 1661819d-445d-4696-a0db-7048c2198301
getShifts called {
  queryBusinessId: undefined,
  headerBusinessId: '1661819d-445d-4696-a0db-7048c2198301',
  start: '2025-12-28T23:00:00.000Z',
  end: '2026-01-04T22:59:59.999Z',
  employeeId: undefined,
  user: {
    userId: 'c45f92d4-b1c5-4331-bcfe-816b511ffe33',
    email: 'superadmin@unitedlinksecurity.com',
    role: 'SUPER_ADMIN',
    businessId: '13b5d0ba-20bc-4d73-b3dc-c96689d17f22'
  }
}
targetBusinessId resolved: 1661819d-445d-4696-a0db-7048c2198301
[EMAIL STUB] To: psmile@allied.com, Subject: New shift scheduled, Body: You have a shift on 12/31/2025.
getShifts called {
  queryBusinessId: undefined,
  headerBusinessId: '1661819d-445d-4696-a0db-7048c2198301',
  start: '2025-12-28T23:00:00.000Z',
  end: '2026-01-04T22:59:59.999Z',
  employeeId: undefined,
  user: {
    userId: 'c45f92d4-b1c5-4331-bcfe-816b511ffe33',
    email: 'superadmin@unitedlinksecurity.com',
    role: 'SUPER_ADMIN',
    businessId: '13b5d0ba-20bc-4d73-b3dc-c96689d17f22'
  }
}
targetBusinessId resolved: 1661819d-445d-4696-a0db-7048c2198301
Clock In Request - IP Capture: {
  xForwardedFor: undefined,
  nestIp: '::ffff:172.20.10.1',
  reqIp: '::ffff:172.20.10.1',
  resolvedRealIp: '::ffff:172.20.10.1'
}
[EMAIL STUB] To: psmile@allied.com, Subject: New shift scheduled, Body: You have a shift on 1/1/2026.
getShifts called {
  queryBusinessId: undefined,
  headerBusinessId: '1661819d-445d-4696-a0db-7048c2198301',
  start: '2025-12-28T23:00:00.000Z',
  end: '2026-01-04T22:59:59.999Z',
  employeeId: undefined,
  user: {
    userId: 'c45f92d4-b1c5-4331-bcfe-816b511ffe33',
    email: 'superadmin@unitedlinksecurity.com',
    role: 'SUPER_ADMIN',
    businessId: '13b5d0ba-20bc-4d73-b3dc-c96689d17f22'
  }
}
targetBusinessId resolved: 1661819d-445d-4696-a0db-7048c2198301
Clock In Request - IP Capture: {
  xForwardedFor: undefined,
  nestIp: '::ffff:172.20.10.1',
  reqIp: '::ffff:172.20.10.1',
  resolvedRealIp: '::ffff:172.20.10.1'
}
[EMAIL STUB] To: psmile@allied.com, Subject: New shift scheduled, Body: You have a shift on 1/2/2026.
getShifts called {
  queryBusinessId: undefined,
  headerBusinessId: '1661819d-445d-4696-a0db-7048c2198301',
  start: '2025-12-28T23:00:00.000Z',
  end: '2026-01-04T22:59:59.999Z',
  employeeId: undefined,
  user: {
    userId: 'c45f92d4-b1c5-4331-bcfe-816b511ffe33',
    email: 'superadmin@unitedlinksecurity.com',
    role: 'SUPER_ADMIN',
    businessId: '13b5d0ba-20bc-4d73-b3dc-c96689d17f22'
  }
}
targetBusinessId resolved: 1661819d-445d-4696-a0db-7048c2198301
[32m[Nest] 51860  - [39m12/31/2025, 10:58:00 AM [32m    LOG[39m [38;5;3m[ShiftReminders] [39m[32mAuto-clocked out employee c396325a-bb01-47f8-88de-449049932f32 for shift e4d4e678-e9d6-447b-a657-64199c071f1b[39m
getShifts called {
  queryBusinessId: undefined,
  headerBusinessId: '1661819d-445d-4696-a0db-7048c2198301',
  start: '2025-12-28T23:00:00.000Z',
  end: '2026-01-04T22:59:59.999Z',
  employeeId: undefined,
  user: {
    userId: 'c45f92d4-b1c5-4331-bcfe-816b511ffe33',
    email: 'superadmin@unitedlinksecurity.com',
    role: 'SUPER_ADMIN',
    businessId: '13b5d0ba-20bc-4d73-b3dc-c96689d17f22'
  }
}
targetBusinessId resolved: 1661819d-445d-4696-a0db-7048c2198301
getShifts called {
  queryBusinessId: undefined,
  headerBusinessId: '1661819d-445d-4696-a0db-7048c2198301',
  start: '2025-12-28T23:00:00.000Z',
  end: '2026-01-04T22:59:59.999Z',
  employeeId: undefined,
  user: {
    userId: 'c45f92d4-b1c5-4331-bcfe-816b511ffe33',
    email: 'superadmin@unitedlinksecurity.com',
    role: 'SUPER_ADMIN',
    businessId: '13b5d0ba-20bc-4d73-b3dc-c96689d17f22'
  }
}
targetBusinessId resolved: 1661819d-445d-4696-a0db-7048c2198301
getShifts called {
  queryBusinessId: undefined,
  headerBusinessId: '1661819d-445d-4696-a0db-7048c2198301',
  start: '2025-12-28T23:00:00.000Z',
  end: '2026-01-04T22:59:59.999Z',
  employeeId: undefined,
  user: {
    userId: 'c45f92d4-b1c5-4331-bcfe-816b511ffe33',
    email: 'superadmin@unitedlinksecurity.com',
    role: 'SUPER_ADMIN',
    businessId: '13b5d0ba-20bc-4d73-b3dc-c96689d17f22'
  }
}
targetBusinessId resolved: 1661819d-445d-4696-a0db-7048c2198301
AUTH validateUser email= superadmin@unitedlinksecurity.com found= true
AUTH bcrypt.compare ok= true
Checking employee record for user: c45f92d4-b1c5-4331-bcfe-816b511ffe33
Employee record found: false
getShifts called {
  queryBusinessId: '1661819d-445d-4696-a0db-7048c2198301',
  headerBusinessId: '1661819d-445d-4696-a0db-7048c2198301',
  start: '2025-11-30T23:00:00.000Z',
  end: '2025-12-31T22:59:59.999Z',
  employeeId: 'c396325a-bb01-47f8-88de-449049932f32',
  user: {
    userId: 'c45f92d4-b1c5-4331-bcfe-816b511ffe33',
    email: 'superadmin@unitedlinksecurity.com',
    role: 'SUPER_ADMIN',
    businessId: '13b5d0ba-20bc-4d73-b3dc-c96689d17f22'
  }
}
targetBusinessId resolved: 1661819d-445d-4696-a0db-7048c2198301
getShifts called {
  queryBusinessId: '1661819d-445d-4696-a0db-7048c2198301',
  headerBusinessId: '1661819d-445d-4696-a0db-7048c2198301',
  start: '2025-11-30T23:00:00.000Z',
  end: '2025-12-31T22:59:59.999Z',
  employeeId: 'c396325a-bb01-47f8-88de-449049932f32',
  user: {
    userId: 'c45f92d4-b1c5-4331-bcfe-816b511ffe33',
    email: 'superadmin@unitedlinksecurity.com',
    role: 'SUPER_ADMIN',
    businessId: '13b5d0ba-20bc-4d73-b3dc-c96689d17f22'
  }
}
targetBusinessId resolved: 1661819d-445d-4696-a0db-7048c2198301
getShifts called {
  queryBusinessId: undefined,
  headerBusinessId: '1661819d-445d-4696-a0db-7048c2198301',
  start: '2025-12-28T23:00:00.000Z',
  end: '2026-01-04T22:59:59.999Z',
  employeeId: undefined,
  user: {
    userId: 'c45f92d4-b1c5-4331-bcfe-816b511ffe33',
    email: 'superadmin@unitedlinksecurity.com',
    role: 'SUPER_ADMIN',
    businessId: '13b5d0ba-20bc-4d73-b3dc-c96689d17f22'
  }
}
targetBusinessId resolved: 1661819d-445d-4696-a0db-7048c2198301
getShifts called {
  queryBusinessId: undefined,
  headerBusinessId: '1661819d-445d-4696-a0db-7048c2198301',
  start: '2025-12-28T23:00:00.000Z',
  end: '2026-01-04T22:59:59.999Z',
  employeeId: undefined,
  user: {
    userId: 'c45f92d4-b1c5-4331-bcfe-816b511ffe33',
    email: 'superadmin@unitedlinksecurity.com',
    role: 'SUPER_ADMIN',
    businessId: '13b5d0ba-20bc-4d73-b3dc-c96689d17f22'
  }
}
targetBusinessId resolved: 1661819d-445d-4696-a0db-7048c2198301
getShifts called {
  queryBusinessId: undefined,
  headerBusinessId: '1661819d-445d-4696-a0db-7048c2198301',
  start: '2025-12-28T23:00:00.000Z',
  end: '2026-01-04T22:59:59.999Z',
  employeeId: undefined,
  user: {
    userId: 'c45f92d4-b1c5-4331-bcfe-816b511ffe33',
    email: 'superadmin@unitedlinksecurity.com',
    role: 'SUPER_ADMIN',
    businessId: '13b5d0ba-20bc-4d73-b3dc-c96689d17f22'
  }
}
targetBusinessId resolved: 1661819d-445d-4696-a0db-7048c2198301
getShifts called {
  queryBusinessId: undefined,
  headerBusinessId: '1661819d-445d-4696-a0db-7048c2198301',
  start: '2025-12-28T23:00:00.000Z',
  end: '2026-01-04T22:59:59.999Z',
  employeeId: undefined,
  user: {
    userId: 'c45f92d4-b1c5-4331-bcfe-816b511ffe33',
    email: 'superadmin@unitedlinksecurity.com',
    role: 'SUPER_ADMIN',
    businessId: '13b5d0ba-20bc-4d73-b3dc-c96689d17f22'
  }
}
targetBusinessId resolved: 1661819d-445d-4696-a0db-7048c2198301
getShifts called {
  queryBusinessId: undefined,
  headerBusinessId: '1661819d-445d-4696-a0db-7048c2198301',
  start: '2025-12-28T23:00:00.000Z',
  end: '2026-01-04T22:59:59.999Z',
  employeeId: undefined,
  user: {
    userId: 'c45f92d4-b1c5-4331-bcfe-816b511ffe33',
    email: 'superadmin@unitedlinksecurity.com',
    role: 'SUPER_ADMIN',
    businessId: '13b5d0ba-20bc-4d73-b3dc-c96689d17f22'
  }
}
targetBusinessId resolved: 1661819d-445d-4696-a0db-7048c2198301
getShifts called {
  queryBusinessId: undefined,
  headerBusinessId: '1661819d-445d-4696-a0db-7048c2198301',
  start: '2025-12-28T23:00:00.000Z',
  end: '2026-01-04T22:59:59.999Z',
  employeeId: undefined,
  user: {
    userId: 'c45f92d4-b1c5-4331-bcfe-816b511ffe33',
    email: 'superadmin@unitedlinksecurity.com',
    role: 'SUPER_ADMIN',
    businessId: '13b5d0ba-20bc-4d73-b3dc-c96689d17f22'
  }
}
targetBusinessId resolved: 1661819d-445d-4696-a0db-7048c2198301
getShifts called {
  queryBusinessId: undefined,
  headerBusinessId: '1661819d-445d-4696-a0db-7048c2198301',
  start: '2025-12-28T23:00:00.000Z',
  end: '2026-01-04T22:59:59.999Z',
  employeeId: undefined,
  user: {
    userId: 'c45f92d4-b1c5-4331-bcfe-816b511ffe33',
    email: 'superadmin@unitedlinksecurity.com',
    role: 'SUPER_ADMIN',
    businessId: '13b5d0ba-20bc-4d73-b3dc-c96689d17f22'
  }
}
targetBusinessId resolved: 1661819d-445d-4696-a0db-7048c2198301
getShifts called {
  queryBusinessId: undefined,
  headerBusinessId: '1661819d-445d-4696-a0db-7048c2198301',
  start: '2025-12-28T23:00:00.000Z',
  end: '2026-01-04T22:59:59.999Z',
  employeeId: undefined,
  user: {
    userId: 'c45f92d4-b1c5-4331-bcfe-816b511ffe33',
    email: 'superadmin@unitedlinksecurity.com',
    role: 'SUPER_ADMIN',
    businessId: '13b5d0ba-20bc-4d73-b3dc-c96689d17f22'
  }
}
targetBusinessId resolved: 1661819d-445d-4696-a0db-7048c2198301
getShifts called {
  queryBusinessId: undefined,
  headerBusinessId: '1661819d-445d-4696-a0db-7048c2198301',
  start: '2025-12-28T23:00:00.000Z',
  end: '2026-01-04T22:59:59.999Z',
  employeeId: undefined,
  user: {
    userId: 'c45f92d4-b1c5-4331-bcfe-816b511ffe33',
    email: 'superadmin@unitedlinksecurity.com',
    role: 'SUPER_ADMIN',
    businessId: '13b5d0ba-20bc-4d73-b3dc-c96689d17f22'
  }
}
targetBusinessId resolved: 1661819d-445d-4696-a0db-7048c2198301
getShifts called {
  queryBusinessId: undefined,
  headerBusinessId: '1661819d-445d-4696-a0db-7048c2198301',
  start: '2025-12-28T23:00:00.000Z',
  end: '2026-01-04T22:59:59.999Z',
  employeeId: undefined,
  user: {
    userId: 'c45f92d4-b1c5-4331-bcfe-816b511ffe33',
    email: 'superadmin@unitedlinksecurity.com',
    role: 'SUPER_ADMIN',
    businessId: '13b5d0ba-20bc-4d73-b3dc-c96689d17f22'
  }
}
targetBusinessId resolved: 1661819d-445d-4696-a0db-7048c2198301
AUTH validateUser email= psmile@allied.com found= true
AUTH bcrypt.compare ok= false
getShifts called {
  queryBusinessId: '1661819d-445d-4696-a0db-7048c2198301',
  headerBusinessId: '1661819d-445d-4696-a0db-7048c2198301',
  start: '2025-11-30T23:00:00.000Z',
  end: '2025-12-31T22:59:59.999Z',
  employeeId: 'c396325a-bb01-47f8-88de-449049932f32',
  user: {
    userId: 'c45f92d4-b1c5-4331-bcfe-816b511ffe33',
    email: 'superadmin@unitedlinksecurity.com',
    role: 'SUPER_ADMIN',
    businessId: '13b5d0ba-20bc-4d73-b3dc-c96689d17f22'
  }
}
targetBusinessId resolved: 1661819d-445d-4696-a0db-7048c2198301
AUTH validateUser email= psmile@allied.com found= true
AUTH bcrypt.compare ok= true
Checking employee record for user: 5f8fbe6f-8b59-4903-aafe-24e994d5d483
Employee record found: true
[2J[3J[H[[90m12:30:46 PM[0m] File change detected. Starting incremental compilation...

[96msrc/scheduling/scheduling.controller.ts[0m:[93m119[0m:[93m25[0m - [91merror[0m[90m TS1146: [0mDeclaration expected.

[7m119[0m     @Query('businessId') queryBusinessId: string,
[7m   [0m [91m                        [0m

[96msrc/scheduling/scheduling.controller.ts[0m:[93m120[0m:[93m30[0m - [91merror[0m[90m TS1109: [0mExpression expected.

[7m120[0m     @Headers('x-business-id') headerBusinessId: string,
[7m   [0m [91m                             [0m

[96msrc/scheduling/scheduling.controller.ts[0m:[93m120[0m:[93m31[0m - [91merror[0m[90m TS1005: [0m';' expected.

[7m120[0m     @Headers('x-business-id') headerBusinessId: string,
[7m   [0m [91m                              ~~~~~~~~~~~~~~~~[0m

[96msrc/scheduling/scheduling.controller.ts[0m:[93m121[0m:[93m20[0m - [91merror[0m[90m TS1109: [0mExpression expected.

[7m121[0m     @Query('start') start: string,
[7m   [0m [91m                   [0m

[96msrc/scheduling/scheduling.controller.ts[0m:[93m121[0m:[93m21[0m - [91merror[0m[90m TS1005: [0m';' expected.

[7m121[0m     @Query('start') start: string,
[7m   [0m [91m                    ~~~~~[0m

[96msrc/scheduling/scheduling.controller.ts[0m:[93m122[0m:[93m18[0m - [91merror[0m[90m TS1109: [0mExpression expected.

[7m122[0m     @Query('end') end: string,
[7m   [0m [91m                 [0m

[96msrc/scheduling/scheduling.controller.ts[0m:[93m122[0m:[93m19[0m - [91merror[0m[90m TS1005: [0m';' expected.

[7m122[0m     @Query('end') end: string,
[7m   [0m [91m                  ~~~[0m

[96msrc/scheduling/scheduling.controller.ts[0m:[93m123[0m:[93m15[0m - [91merror[0m[90m TS1109: [0mExpression expected.

[7m123[0m     @Request() req: any
[7m   [0m [91m              [0m

[96msrc/scheduling/scheduling.controller.ts[0m:[93m123[0m:[93m16[0m - [91merror[0m[90m TS1005: [0m';' expected.

[7m123[0m     @Request() req: any
[7m   [0m [91m               ~~~[0m

[96msrc/scheduling/scheduling.controller.ts[0m:[93m124[0m:[93m3[0m - [91merror[0m[90m TS1128: [0mDeclaration or statement expected.

[7m124[0m   ) {
[7m   [0m [91m  ~[0m

[96msrc/scheduling/scheduling.controller.ts[0m:[93m129[0m:[93m1[0m - [91merror[0m[90m TS1128: [0mDeclaration or statement expected.

[7m129[0m }
[7m   [0m [91m~[0m

[[90m12:30:47 PM[0m] Found 11 errors. Watching for file changes.

[2J[3J[H[[90m12:31:01 PM[0m] File change detected. Starting incremental compilation...

[96msrc/scheduling/scheduling.controller.ts[0m:[93m104[0m:[93m35[0m - [91merror[0m[90m TS2554: [0mExpected 4 arguments, but got 2.

[7m104[0m     return this.schedulingService.publishShifts(body.ids, req.user);
[7m   [0m [91m                                  ~~~~~~~~~~~~~[0m

  [96msrc/scheduling/scheduling.service.ts[0m:[93m434[0m:[93m56[0m
    [7m434[0m   async publishShifts(businessId: string, start: Date, end: Date, user: any): Promise<void> {
    [7m   [0m [96m                                                       ~~~~~~~~~[0m
    An argument for 'end' was not provided.

[96msrc/scheduling/scheduling.controller.ts[0m:[93m110[0m:[93m35[0m - [91merror[0m[90m TS2339: [0mProperty 'getMyAvailability' does not exist on type 'SchedulingService'.

[7m110[0m     return this.schedulingService.getMyAvailability(req.user.userId);
[7m   [0m [91m                                  ~~~~~~~~~~~~~~~~~[0m

[96msrc/scheduling/scheduling.controller.ts[0m:[93m116[0m:[93m35[0m - [91merror[0m[90m TS2339: [0mProperty 'updateMyAvailability' does not exist on type 'SchedulingService'.

[7m116[0m     return this.schedulingService.updateMyAvailability(req.user.userId, body);
[7m   [0m [91m                                  ~~~~~~~~~~~~~~~~~~~~[0m

[[90m12:31:01 PM[0m] Found 3 errors. Watching for file changes.

[2J[3J[H[[90m12:32:12 PM[0m] File change detected. Starting incremental compilation...

[96msrc/scheduling/scheduling.controller.ts[0m:[93m104[0m:[93m35[0m - [91merror[0m[90m TS2554: [0mExpected 4 arguments, but got 2.

[7m104[0m     return this.schedulingService.publishShifts(body.ids, req.user);
[7m   [0m [91m                                  ~~~~~~~~~~~~~[0m

  [96msrc/scheduling/scheduling.service.ts[0m:[93m434[0m:[93m56[0m
    [7m434[0m   async publishShifts(businessId: string, start: Date, end: Date, user: any): Promise<void> {
    [7m   [0m [96m                                                       ~~~~~~~~~[0m
    An argument for 'end' was not provided.

[[90m12:32:12 PM[0m] Found 1 error. Watching for file changes.

[2J[3J[H[[90m12:32:22 PM[0m] File change detected. Starting incremental compilation...

[96msrc/leave/leave.controller.ts[0m:[93m87[0m:[93m9[0m - [91merror[0m[90m TS2393: [0mDuplicate function implementation.

[7m87[0m   async getMyRequests(@Request() req: any) {
[7m  [0m [91m        ~~~~~~~~~~~~~[0m

[96msrc/leave/leave.controller.ts[0m:[93m88[0m:[93m30[0m - [91merror[0m[90m TS2339: [0mProperty 'getRequestsForUser' does not exist on type 'LeaveService'.

[7m88[0m     return this.leaveService.getRequestsForUser(req.user.userId);
[7m  [0m [91m                             ~~~~~~~~~~~~~~~~~~[0m

[96msrc/leave/leave.controller.ts[0m:[93m121[0m:[93m3[0m - [91merror[0m[90m TS2393: [0mDuplicate function implementation.

[7m121[0m   getMyRequests(@Query('employeeId') employeeId: string, @User() user: any) {
[7m   [0m [91m  ~~~~~~~~~~~~~[0m

[96msrc/scheduling/scheduling.controller.ts[0m:[93m104[0m:[93m35[0m - [91merror[0m[90m TS2554: [0mExpected 4 arguments, but got 2.

[7m104[0m     return this.schedulingService.publishShifts(body.ids, req.user);
[7m   [0m [91m                                  ~~~~~~~~~~~~~[0m

  [96msrc/scheduling/scheduling.service.ts[0m:[93m434[0m:[93m56[0m
    [7m434[0m   async publishShifts(businessId: string, start: Date, end: Date, user: any): Promise<void> {
    [7m   [0m [96m                                                       ~~~~~~~~~[0m
    An argument for 'end' was not provided.

[[90m12:32:22 PM[0m] Found 4 errors. Watching for file changes.

GET /paystubs called by: {
  userId: 'c45f92d4-b1c5-4331-bcfe-816b511ffe33',
  role: 'SUPER_ADMIN',
  targetBusinessId: '1661819d-445d-4696-a0db-7048c2198301'
}
Fetching business paystubs for: 1661819d-445d-4696-a0db-7048c2198301
GET /paystubs called by: {
  userId: 'c45f92d4-b1c5-4331-bcfe-816b511ffe33',
  role: 'SUPER_ADMIN',
  targetBusinessId: '1661819d-445d-4696-a0db-7048c2198301'
}
Fetching business paystubs for: 1661819d-445d-4696-a0db-7048c2198301
[2J[3J[H[[90m12:34:27 PM[0m] File change detected. Starting incremental compilation...

[96msrc/leave/leave.controller.ts[0m:[93m87[0m:[93m9[0m - [91merror[0m[90m TS2393: [0mDuplicate function implementation.

[7m87[0m   async getMyRequests(@Request() req: any) {
[7m  [0m [91m        ~~~~~~~~~~~~~[0m

[96msrc/leave/leave.controller.ts[0m:[93m121[0m:[93m3[0m - [91merror[0m[90m TS2393: [0mDuplicate function implementation.

[7m121[0m   getMyRequests(@Query('employeeId') employeeId: string, @User() user: any) {
[7m   [0m [91m  ~~~~~~~~~~~~~[0m

[96msrc/scheduling/scheduling.controller.ts[0m:[93m104[0m:[93m35[0m - [91merror[0m[90m TS2554: [0mExpected 4 arguments, but got 2.

[7m104[0m     return this.schedulingService.publishShifts(body.ids, req.user);
[7m   [0m [91m                                  ~~~~~~~~~~~~~[0m

  [96msrc/scheduling/scheduling.service.ts[0m:[93m434[0m:[93m56[0m
    [7m434[0m   async publishShifts(businessId: string, start: Date, end: Date, user: any): Promise<void> {
    [7m   [0m [96m                                                       ~~~~~~~~~[0m
    An argument for 'end' was not provided.

[[90m12:34:28 PM[0m] Found 3 errors. Watching for file changes.

[2J[3J[H[[90m12:36:09 PM[0m] File change detected. Starting incremental compilation...

[96msrc/leave/leave.controller.ts[0m:[93m87[0m:[93m9[0m - [91merror[0m[90m TS2393: [0mDuplicate function implementation.

[7m87[0m   async getMyRequests(@Request() req: any) {
[7m  [0m [91m        ~~~~~~~~~~~~~[0m

[96msrc/leave/leave.controller.ts[0m:[93m94[0m:[93m30[0m - [91merror[0m[90m TS2339: [0mProperty 'getBalancesForUser' does not exist on type 'LeaveService'.

[7m94[0m     return this.leaveService.getBalancesForUser(req.user.userId);
[7m  [0m [91m                             ~~~~~~~~~~~~~~~~~~[0m

[96msrc/leave/leave.controller.ts[0m:[93m127[0m:[93m3[0m - [91merror[0m[90m TS2393: [0mDuplicate function implementation.

[7m127[0m   getMyRequests(@Query('employeeId') employeeId: string, @User() user: any) {
[7m   [0m [91m  ~~~~~~~~~~~~~[0m

[96msrc/scheduling/scheduling.controller.ts[0m:[93m104[0m:[93m35[0m - [91merror[0m[90m TS2554: [0mExpected 4 arguments, but got 2.

[7m104[0m     return this.schedulingService.publishShifts(body.ids, req.user);
[7m   [0m [91m                                  ~~~~~~~~~~~~~[0m

  [96msrc/scheduling/scheduling.service.ts[0m:[93m434[0m:[93m56[0m
    [7m434[0m   async publishShifts(businessId: string, start: Date, end: Date, user: any): Promise<void> {
    [7m   [0m [96m                                                       ~~~~~~~~~[0m
    An argument for 'end' was not provided.

[[90m12:36:09 PM[0m] Found 4 errors. Watching for file changes.

[2J[3J[H[[90m12:36:33 PM[0m] File change detected. Starting incremental compilation...

[96msrc/leave/leave.controller.ts[0m:[93m87[0m:[93m9[0m - [91merror[0m[90m TS2393: [0mDuplicate function implementation.

[7m87[0m   async getMyRequests(@Request() req: any) {
[7m  [0m [91m        ~~~~~~~~~~~~~[0m

[96msrc/leave/leave.controller.ts[0m:[93m127[0m:[93m3[0m - [91merror[0m[90m TS2393: [0mDuplicate function implementation.

[7m127[0m   getMyRequests(@Query('employeeId') employeeId: string, @User() user: any) {
[7m   [0m [91m  ~~~~~~~~~~~~~[0m

[96msrc/scheduling/scheduling.controller.ts[0m:[93m104[0m:[93m35[0m - [91merror[0m[90m TS2554: [0mExpected 4 arguments, but got 2.

[7m104[0m     return this.schedulingService.publishShifts(body.ids, req.user);
[7m   [0m [91m                                  ~~~~~~~~~~~~~[0m

  [96msrc/scheduling/scheduling.service.ts[0m:[93m434[0m:[93m56[0m
    [7m434[0m   async publishShifts(businessId: string, start: Date, end: Date, user: any): Promise<void> {
    [7m   [0m [96m                                                       ~~~~~~~~~[0m
    An argument for 'end' was not provided.

[[90m12:36:33 PM[0m] Found 3 errors. Watching for file changes.

[2J[3J[H[[90m12:36:43 PM[0m] File change detected. Starting incremental compilation...

[96msrc/scheduling/scheduling.controller.ts[0m:[93m104[0m:[93m35[0m - [91merror[0m[90m TS2554: [0mExpected 4 arguments, but got 2.

[7m104[0m     return this.schedulingService.publishShifts(body.ids, req.user);
[7m   [0m [91m                                  ~~~~~~~~~~~~~[0m

  [96msrc/scheduling/scheduling.service.ts[0m:[93m434[0m:[93m56[0m
    [7m434[0m   async publishShifts(businessId: string, start: Date, end: Date, user: any): Promise<void> {
    [7m   [0m [96m                                                       ~~~~~~~~~[0m
    An argument for 'end' was not provided.

[[90m12:36:43 PM[0m] Found 1 error. Watching for file changes.

getShifts called {
  queryBusinessId: undefined,
  headerBusinessId: '1661819d-445d-4696-a0db-7048c2198301',
  start: '2025-12-28T23:00:00.000Z',
  end: '2026-01-04T22:59:59.999Z',
  employeeId: undefined,
  user: {
    userId: 'c45f92d4-b1c5-4331-bcfe-816b511ffe33',
    email: 'superadmin@unitedlinksecurity.com',
    role: 'SUPER_ADMIN',
    businessId: '13b5d0ba-20bc-4d73-b3dc-c96689d17f22'
  }
}
targetBusinessId resolved: 1661819d-445d-4696-a0db-7048c2198301
getShifts called {
  queryBusinessId: undefined,
  headerBusinessId: '1661819d-445d-4696-a0db-7048c2198301',
  start: '2025-12-28T23:00:00.000Z',
  end: '2026-01-04T22:59:59.999Z',
  employeeId: undefined,
  user: {
    userId: 'c45f92d4-b1c5-4331-bcfe-816b511ffe33',
    email: 'superadmin@unitedlinksecurity.com',
    role: 'SUPER_ADMIN',
    businessId: '13b5d0ba-20bc-4d73-b3dc-c96689d17f22'
  }
}
targetBusinessId resolved: 1661819d-445d-4696-a0db-7048c2198301
[EMAIL STUB] To: psmile@allied.com, Subject: New shift assignment, Body: You have been assigned a shift on 12/29/2025.
getShifts called {
  queryBusinessId: undefined,
  headerBusinessId: '1661819d-445d-4696-a0db-7048c2198301',
  start: '2025-12-28T23:00:00.000Z',
  end: '2026-01-04T22:59:59.999Z',
  employeeId: undefined,
  user: {
    userId: 'c45f92d4-b1c5-4331-bcfe-816b511ffe33',
    email: 'superadmin@unitedlinksecurity.com',
    role: 'SUPER_ADMIN',
    businessId: '13b5d0ba-20bc-4d73-b3dc-c96689d17f22'
  }
}
targetBusinessId resolved: 1661819d-445d-4696-a0db-7048c2198301
[EMAIL STUB] To: psmile@allied.com, Subject: New shift assignment, Body: You have been assigned a shift on 12/30/2025.
getShifts called {
  queryBusinessId: undefined,
  headerBusinessId: '1661819d-445d-4696-a0db-7048c2198301',
  start: '2025-12-28T23:00:00.000Z',
  end: '2026-01-04T22:59:59.999Z',
  employeeId: undefined,
  user: {
    userId: 'c45f92d4-b1c5-4331-bcfe-816b511ffe33',
    email: 'superadmin@unitedlinksecurity.com',
    role: 'SUPER_ADMIN',
    businessId: '13b5d0ba-20bc-4d73-b3dc-c96689d17f22'
  }
}
targetBusinessId resolved: 1661819d-445d-4696-a0db-7048c2198301
[EMAIL STUB] To: psmile@allied.com, Subject: Shift reassigned, Body: Your shift on 12/30/2025 has been reassigned.
getShifts called {
  queryBusinessId: undefined,
  headerBusinessId: '1661819d-445d-4696-a0db-7048c2198301',
  start: '2025-12-28T23:00:00.000Z',
  end: '2026-01-04T22:59:59.999Z',
  employeeId: undefined,
  user: {
    userId: 'c45f92d4-b1c5-4331-bcfe-816b511ffe33',
    email: 'superadmin@unitedlinksecurity.com',
    role: 'SUPER_ADMIN',
    businessId: '13b5d0ba-20bc-4d73-b3dc-c96689d17f22'
  }
}
targetBusinessId resolved: 1661819d-445d-4696-a0db-7048c2198301
AUTH validateUser email= psmile@allied.com found= true
AUTH bcrypt.compare ok= true
Checking employee record for user: 5f8fbe6f-8b59-4903-aafe-24e994d5d483
Employee record found: true
getShifts called {
  queryBusinessId: undefined,
  headerBusinessId: '1661819d-445d-4696-a0db-7048c2198301',
  start: '2025-12-28T23:00:00.000Z',
  end: '2026-01-04T22:59:59.999Z',
  employeeId: undefined,
  user: {
    userId: 'c45f92d4-b1c5-4331-bcfe-816b511ffe33',
    email: 'superadmin@unitedlinksecurity.com',
    role: 'SUPER_ADMIN',
    businessId: '13b5d0ba-20bc-4d73-b3dc-c96689d17f22'
  }
}
targetBusinessId resolved: 1661819d-445d-4696-a0db-7048c2198301
GET /paystubs called by: {
  userId: 'c45f92d4-b1c5-4331-bcfe-816b511ffe33',
  role: 'SUPER_ADMIN',
  targetBusinessId: '1661819d-445d-4696-a0db-7048c2198301'
}
Fetching business paystubs for: 1661819d-445d-4696-a0db-7048c2198301
GET /paystubs called by: {
  userId: 'c45f92d4-b1c5-4331-bcfe-816b511ffe33',
  role: 'SUPER_ADMIN',
  targetBusinessId: '1661819d-445d-4696-a0db-7048c2198301'
}
Fetching business paystubs for: 1661819d-445d-4696-a0db-7048c2198301
[31m[Nest] 51860  - [39m12/31/2025, 12:46:19 PM [31m  ERROR[39m [38;5;3m[ExceptionsHandler] [39mPrismaClientValidationError: 
Invalid `prisma.employee.findUnique()` invocation:

{
  where: {
    id: undefined,
?   AND?: EmployeeWhereInput | EmployeeWhereInput[],
?   OR?: EmployeeWhereInput[],
?   NOT?: EmployeeWhereInput | EmployeeWhereInput[],
?   firstName?: StringFilter | String,
?   lastName?: StringFilter | String,
?   email?: StringFilter | String,
?   phone?: StringNullableFilter | String | Null,
?   businessId?: StringFilter | String,
?   userId?: StringNullableFilter | String | Null,
?   role?: StringFilter | String,
?   customRoleId?: StringNullableFilter | String | Null,
?   status?: StringFilter | String,
?   preferredName?: StringNullableFilter | String | Null,
?   pronouns?: StringNullableFilter | String | Null,
?   middleName?: StringNullableFilter | String | Null,
?   dateOfBirth?: DateTimeNullableFilter | DateTime | Null,
?   isAuthorizedToWork?: BoolFilter | Boolean,
?   address?: StringNullableFilter | String | Null,
?   city?: StringNullableFilter | String | Null,
?   state?: StringNullableFilter | String | Null,
?   zip?: StringNullableFilter | String | Null,
?   country?: StringNullableFilter | String | Null,
?   officialEmail?: StringNullableFilter | String | Null,
?   emergencyContactName?: StringNullableFilter | String | Null,
?   emergencyContactPhone?: StringNullableFilter | String | Null,
?   type?: StringFilter | String,
?   workerType?: StringFilter | String,
?   paySchedule?: StringFilter | String,
?   payType?: StringFilter | String,
?   hourlyRate?: FloatNullableFilter | Float | Null,
?   salary?: FloatNullableFilter | Float | Null,
?   hireDate?: DateTimeNullableFilter | DateTime | Null,
?   payrollId?: StringNullableFilter | String | Null,
?   workPeriod?: StringNullableFilter | String | Null,
?   hoursPerPeriod?: FloatNullableFilter | Float | Null,
?   daysPerPeriod?: IntNullableFilter | Int | Null,
?   stressProfile?: StringNullableFilter | String | Null,
?   overtimeEligible?: BoolFilter | Boolean,
?   departmentId?: StringNullableFilter | String | Null,
?   ssn?: StringNullableFilter | String | Null,
?   filingStatus?: StringNullableFilter | String | Null,
?   taxState?: StringFilter | String,
?   federalAllowances?: IntFilter | Int,
?   multipleJobs?: BoolFilter | Boolean,
?   dependentsAmount?: FloatFilter | Float,
?   otherIncome?: FloatFilter | Float,
?   deductionsAmount?: FloatFilter | Float,
?   additionalWithholding?: FloatFilter | Float,
?   stateFilingStatus?: StringNullableFilter | String | Null,
?   stateAllowances?: IntFilter | Int,
?   stateAdditionalWithholding?: FloatFilter | Float,
?   contractorBusinessName?: StringNullableFilter | String | Null,
?   contractorType?: StringNullableFilter | String | Null,
?   w9Confirmed?: BoolFilter | Boolean,
?   directDepositInfo?: StringNullableFilter | String | Null,
?   createdAt?: DateTimeFilter | DateTime,
?   updatedAt?: DateTimeFilter | DateTime,
?   business?: BusinessRelationFilter | BusinessWhereInput,
?   user?: UserNullableRelationFilter | UserWhereInput | Null,
?   customRole?: RoleNullableRelationFilter | RoleWhereInput | Null,
?   department?: DepartmentNullableRelationFilter | DepartmentWhereInput | Null,
?   managedDepartments?: DepartmentListRelationFilter,
?   w2Profile?: W2ProfileNullableRelationFilter | W2ProfileWhereInput | Null,
?   contractorProfile?: ContractorProfileNullableRelationFilter | ContractorProfileWhereInput | Null,
?   timesheets?: TimesheetListRelationFilter,
?   payStubs?: PayStubListRelationFilter,
?   shifts?: ShiftListRelationFilter,
?   leaveRequests?: LeaveRequestListRelationFilter,
?   leaveBalances?: LeaveBalanceListRelationFilter,
?   loans?: LoanListRelationFilter,
?   availabilities?: AvailabilityListRelationFilter,
?   shiftApplications?: ShiftApplicationListRelationFilter,
?   qualifications?: QualificationListRelationFilter,
?   assignedAssets?: AssetListRelationFilter,
?   assignmentHistory?: AssetAssignmentHistoryListRelationFilter
  }
}

Argument `where` of type EmployeeWhereUniqueInput needs at least one of `id` arguments. Available options are marked with ?.
    at wn (/Users/it/Documents/trae_projects/unitedlinkgroup/packages/database/node_modules/[4m@prisma/client[24m/runtime/library.js:29:1363)
    at $n.handleRequestError (/Users/it/Documents/trae_projects/unitedlinkgroup/packages/database/node_modules/[4m@prisma/client[24m/runtime/library.js:121:6958)
    at $n.handleAndLogRequestError (/Users/it/Documents/trae_projects/unitedlinkgroup/packages/database/node_modules/[4m@prisma/client[24m/runtime/library.js:121:6623)
    at $n.request (/Users/it/Documents/trae_projects/unitedlinkgroup/packages/database/node_modules/[4m@prisma/client[24m/runtime/library.js:121:6307)
    at async l (/Users/it/Documents/trae_projects/unitedlinkgroup/packages/database/node_modules/[4m@prisma/client[24m/runtime/library.js:130:9633)
    at async LeaveService.getMyLeaveRequests [90m(/Users/it/Documents/trae_projects/unitedlinkgroup/apps/api/[39msrc/leave/leave.service.ts:341:28[90m)[39m
    at async /Users/it/Documents/trae_projects/unitedlinkgroup/node_modules/[4m@nestjs/core[24m/router/router-execution-context.js:46:28
    at async /Users/it/Documents/trae_projects/unitedlinkgroup/node_modules/[4m@nestjs/core[24m/router/router-proxy.js:9:17 {
  clientVersion: [32m'5.22.0'[39m
}
AUTH validateUser email= superadmin@unitedlinksecurity.com found= true
AUTH bcrypt.compare ok= true
Checking employee record for user: c45f92d4-b1c5-4331-bcfe-816b511ffe33
Employee record found: false
getShifts called {
  queryBusinessId: undefined,
  headerBusinessId: '1661819d-445d-4696-a0db-7048c2198301',
  start: '2025-12-28T23:00:00.000Z',
  end: '2026-01-04T22:59:59.999Z',
  employeeId: undefined,
  user: {
    userId: 'c45f92d4-b1c5-4331-bcfe-816b511ffe33',
    email: 'superadmin@unitedlinksecurity.com',
    role: 'SUPER_ADMIN',
    businessId: '13b5d0ba-20bc-4d73-b3dc-c96689d17f22'
  }
}
targetBusinessId resolved: 1661819d-445d-4696-a0db-7048c2198301
getShifts called {
  queryBusinessId: undefined,
  headerBusinessId: '1661819d-445d-4696-a0db-7048c2198301',
  start: '2025-12-28T23:00:00.000Z',
  end: '2026-01-04T22:59:59.999Z',
  employeeId: undefined,
  user: {
    userId: 'c45f92d4-b1c5-4331-bcfe-816b511ffe33',
    email: 'superadmin@unitedlinksecurity.com',
    role: 'SUPER_ADMIN',
    businessId: '13b5d0ba-20bc-4d73-b3dc-c96689d17f22'
  }
}
targetBusinessId resolved: 1661819d-445d-4696-a0db-7048c2198301
AUTH validateUser email= superadmin@unitedlinksecurity.com found= true
AUTH bcrypt.compare ok= true
Checking employee record for user: c45f92d4-b1c5-4331-bcfe-816b511ffe33
Employee record found: false
[2J[3J[H[[90m2:49:36 PM[0m] File change detected. Starting incremental compilation...

[96msrc/scheduling/scheduling.controller.ts[0m:[93m104[0m:[93m35[0m - [91merror[0m[90m TS2554: [0mExpected 4 arguments, but got 2.

[7m104[0m     return this.schedulingService.publishShifts(body.ids, req.user);
[7m   [0m [91m                                  ~~~~~~~~~~~~~[0m

  [96msrc/scheduling/scheduling.service.ts[0m:[93m434[0m:[93m56[0m
    [7m434[0m   async publishShifts(businessId: string, start: Date, end: Date, user: any): Promise<void> {
    [7m   [0m [96m                                                       ~~~~~~~~~[0m
    An argument for 'end' was not provided.

[[90m2:49:36 PM[0m] Found 1 error. Watching for file changes.

GET /paystubs called by: {
  userId: 'c45f92d4-b1c5-4331-bcfe-816b511ffe33',
  role: 'SUPER_ADMIN',
  targetBusinessId: 'fa15dbd2-7fc2-4699-84bd-fff43f3717b0'
}
Fetching business paystubs for: fa15dbd2-7fc2-4699-84bd-fff43f3717b0
GET /paystubs called by: {
  userId: 'c45f92d4-b1c5-4331-bcfe-816b511ffe33',
  role: 'SUPER_ADMIN',
  targetBusinessId: 'fa15dbd2-7fc2-4699-84bd-fff43f3717b0'
}
Fetching business paystubs for: fa15dbd2-7fc2-4699-84bd-fff43f3717b0
GET /paystubs called by: {
  userId: 'c45f92d4-b1c5-4331-bcfe-816b511ffe33',
  role: 'SUPER_ADMIN',
  targetBusinessId: 'fa15dbd2-7fc2-4699-84bd-fff43f3717b0'
}
Fetching business paystubs for: fa15dbd2-7fc2-4699-84bd-fff43f3717b0
GET /paystubs called by: {
  userId: 'c45f92d4-b1c5-4331-bcfe-816b511ffe33',
  role: 'SUPER_ADMIN',
  targetBusinessId: 'fa15dbd2-7fc2-4699-84bd-fff43f3717b0'
}
Fetching business paystubs for: fa15dbd2-7fc2-4699-84bd-fff43f3717b0
getShifts called {
  queryBusinessId: undefined,
  headerBusinessId: 'fa15dbd2-7fc2-4699-84bd-fff43f3717b0',
  start: '2025-12-28T23:00:00.000Z',
  end: '2026-01-04T22:59:59.999Z',
  employeeId: undefined,
  user: {
    userId: 'c45f92d4-b1c5-4331-bcfe-816b511ffe33',
    email: 'superadmin@unitedlinksecurity.com',
    role: 'SUPER_ADMIN',
    businessId: '13b5d0ba-20bc-4d73-b3dc-c96689d17f22'
  }
}
targetBusinessId resolved: fa15dbd2-7fc2-4699-84bd-fff43f3717b0
getShifts called {
  queryBusinessId: undefined,
  headerBusinessId: 'fa15dbd2-7fc2-4699-84bd-fff43f3717b0',
  start: '2025-12-28T23:00:00.000Z',
  end: '2026-01-04T22:59:59.999Z',
  employeeId: undefined,
  user: {
    userId: 'c45f92d4-b1c5-4331-bcfe-816b511ffe33',
    email: 'superadmin@unitedlinksecurity.com',
    role: 'SUPER_ADMIN',
    businessId: '13b5d0ba-20bc-4d73-b3dc-c96689d17f22'
  }
}
targetBusinessId resolved: fa15dbd2-7fc2-4699-84bd-fff43f3717b0
getShifts called {
  queryBusinessId: undefined,
  headerBusinessId: 'fa15dbd2-7fc2-4699-84bd-fff43f3717b0',
  start: '2025-12-28T23:00:00.000Z',
  end: '2026-01-04T22:59:59.999Z',
  employeeId: undefined,
  user: {
    userId: 'c45f92d4-b1c5-4331-bcfe-816b511ffe33',
    email: 'superadmin@unitedlinksecurity.com',
    role: 'SUPER_ADMIN',
    businessId: '13b5d0ba-20bc-4d73-b3dc-c96689d17f22'
  }
}
targetBusinessId resolved: fa15dbd2-7fc2-4699-84bd-fff43f3717b0
getShifts called {
  queryBusinessId: undefined,
  headerBusinessId: 'fa15dbd2-7fc2-4699-84bd-fff43f3717b0',
  start: '2025-12-28T23:00:00.000Z',
  end: '2026-01-04T22:59:59.999Z',
  employeeId: undefined,
  user: {
    userId: 'c45f92d4-b1c5-4331-bcfe-816b511ffe33',
    email: 'superadmin@unitedlinksecurity.com',
    role: 'SUPER_ADMIN',
    businessId: '13b5d0ba-20bc-4d73-b3dc-c96689d17f22'
  }
}
targetBusinessId resolved: fa15dbd2-7fc2-4699-84bd-fff43f3717b0
getShifts called {
  queryBusinessId: undefined,
  headerBusinessId: 'fa15dbd2-7fc2-4699-84bd-fff43f3717b0',
  start: '2025-12-28T23:00:00.000Z',
  end: '2026-01-04T22:59:59.999Z',
  employeeId: undefined,
  user: {
    userId: 'c45f92d4-b1c5-4331-bcfe-816b511ffe33',
    email: 'superadmin@unitedlinksecurity.com',
    role: 'SUPER_ADMIN',
    businessId: '13b5d0ba-20bc-4d73-b3dc-c96689d17f22'
  }
}
targetBusinessId resolved: fa15dbd2-7fc2-4699-84bd-fff43f3717b0
getShifts called {
  queryBusinessId: undefined,
  headerBusinessId: 'fa15dbd2-7fc2-4699-84bd-fff43f3717b0',
  start: '2025-12-28T23:00:00.000Z',
  end: '2026-01-04T22:59:59.999Z',
  employeeId: undefined,
  user: {
    userId: 'c45f92d4-b1c5-4331-bcfe-816b511ffe33',
    email: 'superadmin@unitedlinksecurity.com',
    role: 'SUPER_ADMIN',
    businessId: '13b5d0ba-20bc-4d73-b3dc-c96689d17f22'
  }
}
targetBusinessId resolved: fa15dbd2-7fc2-4699-84bd-fff43f3717b0
getShifts called {
  queryBusinessId: undefined,
  headerBusinessId: 'fa15dbd2-7fc2-4699-84bd-fff43f3717b0',
  start: '2025-12-28T23:00:00.000Z',
  end: '2026-01-04T22:59:59.999Z',
  employeeId: undefined,
  user: {
    userId: 'c45f92d4-b1c5-4331-bcfe-816b511ffe33',
    email: 'superadmin@unitedlinksecurity.com',
    role: 'SUPER_ADMIN',
    businessId: '13b5d0ba-20bc-4d73-b3dc-c96689d17f22'
  }
}
targetBusinessId resolved: fa15dbd2-7fc2-4699-84bd-fff43f3717b0
getShifts called {
  queryBusinessId: undefined,
  headerBusinessId: 'fa15dbd2-7fc2-4699-84bd-fff43f3717b0',
  start: '2025-12-28T23:00:00.000Z',
  end: '2026-01-04T22:59:59.999Z',
  employeeId: undefined,
  user: {
    userId: 'c45f92d4-b1c5-4331-bcfe-816b511ffe33',
    email: 'superadmin@unitedlinksecurity.com',
    role: 'SUPER_ADMIN',
    businessId: '13b5d0ba-20bc-4d73-b3dc-c96689d17f22'
  }
}
targetBusinessId resolved: fa15dbd2-7fc2-4699-84bd-fff43f3717b0
AUTH validateUser email= superadmin@unitedlinksecurity.com found= true
AUTH bcrypt.compare ok= true
Checking employee record for user: c45f92d4-b1c5-4331-bcfe-816b511ffe33
Employee record found: false
AUTH validateUser email= superadmin@unitedlinksecurity.com found= true
AUTH bcrypt.compare ok= true
Checking employee record for user: c45f92d4-b1c5-4331-bcfe-816b511ffe33
Employee record found: false
getShifts called {
  queryBusinessId: undefined,
  headerBusinessId: 'fa15dbd2-7fc2-4699-84bd-fff43f3717b0',
  start: '2025-12-28T23:00:00.000Z',
  end: '2026-01-04T22:59:59.999Z',
  employeeId: undefined,
  user: {
    userId: 'c45f92d4-b1c5-4331-bcfe-816b511ffe33',
    email: 'superadmin@unitedlinksecurity.com',
    role: 'SUPER_ADMIN',
    businessId: '13b5d0ba-20bc-4d73-b3dc-c96689d17f22'
  }
}
targetBusinessId resolved: fa15dbd2-7fc2-4699-84bd-fff43f3717b0
getShifts called {
  queryBusinessId: undefined,
  headerBusinessId: 'fa15dbd2-7fc2-4699-84bd-fff43f3717b0',
  start: '2025-12-28T23:00:00.000Z',
  end: '2026-01-04T22:59:59.999Z',
  employeeId: undefined,
  user: {
    userId: 'c45f92d4-b1c5-4331-bcfe-816b511ffe33',
    email: 'superadmin@unitedlinksecurity.com',
    role: 'SUPER_ADMIN',
    businessId: '13b5d0ba-20bc-4d73-b3dc-c96689d17f22'
  }
}
targetBusinessId resolved: fa15dbd2-7fc2-4699-84bd-fff43f3717b0
[EMAIL STUB] To: psmile@allied.com, Subject: Shift Ending Soon, Body: Your shift ends in 5 minutes. Please prepare to clock out.
[32m[Nest] 51860  - [39m12/31/2025, 4:54:00 PM [32m    LOG[39m [38;5;3m[ShiftReminders] [39m[32mSent 5m-before-end reminder for shift 17180799-7c52-406e-8bf4-bc0cb1660ce5[39m
[32m[Nest] 51860  - [39m01/01/2026, 12:25:17 AM [32m    LOG[39m [38;5;3m[EmployeesService] [39m[32mRunning checkExpiringQualifications cron job...[39m
[32m[Nest] 51860  - [39m01/01/2026, 12:25:17 AM [32m    LOG[39m [38;5;3m[EmployeesService] [39m[32mFound 1 expired qualifications. Updating status...[39m
AUTH validateUser email= superadmin@unitedlinksecurity.com found= true
AUTH bcrypt.compare ok= true
Checking employee record for user: c45f92d4-b1c5-4331-bcfe-816b511ffe33
Employee record found: false
getShifts called {
  queryBusinessId: 'fa15dbd2-7fc2-4699-84bd-fff43f3717b0',
  headerBusinessId: 'fa15dbd2-7fc2-4699-84bd-fff43f3717b0',
  start: '2025-12-31T23:00:00.000Z',
  end: '2026-01-31T22:59:59.999Z',
  employeeId: '46477ca3-4de5-496a-beb3-ffedf8895cf9',
  user: {
    userId: 'c45f92d4-b1c5-4331-bcfe-816b511ffe33',
    email: 'superadmin@unitedlinksecurity.com',
    role: 'SUPER_ADMIN',
    businessId: '13b5d0ba-20bc-4d73-b3dc-c96689d17f22'
  }
}
targetBusinessId resolved: fa15dbd2-7fc2-4699-84bd-fff43f3717b0
getShifts called {
  queryBusinessId: 'fa15dbd2-7fc2-4699-84bd-fff43f3717b0',
  headerBusinessId: 'fa15dbd2-7fc2-4699-84bd-fff43f3717b0',
  start: '2025-12-31T23:00:00.000Z',
  end: '2026-01-31T22:59:59.999Z',
  employeeId: '46477ca3-4de5-496a-beb3-ffedf8895cf9',
  user: {
    userId: 'c45f92d4-b1c5-4331-bcfe-816b511ffe33',
    email: 'superadmin@unitedlinksecurity.com',
    role: 'SUPER_ADMIN',
    businessId: '13b5d0ba-20bc-4d73-b3dc-c96689d17f22'
  }
}
targetBusinessId resolved: fa15dbd2-7fc2-4699-84bd-fff43f3717b0
[32m[Nest] 51860  - [39m01/02/2026, 12:51:37 AM [32m    LOG[39m [38;5;3m[EmployeesService] [39m[32mRunning checkExpiringQualifications cron job...[39m
[EMAIL STUB] To: psmile@allied.com, Subject: Upcoming Shift Reminder, Body: Your shift starts in about 1 hour at 09:00 AM.
[32m[Nest] 51860  - [39m01/02/2026, 7:55:00 AM [32m    LOG[39m [38;5;3m[ShiftReminders] [39m[32mSent 1h reminder for shift e03b820d-f918-4636-a24d-3a9b8212c519[39m
AUTH validateUser email= superadmin@unitedlinksecurity.com found= true
AUTH bcrypt.compare ok= true
Checking employee record for user: c45f92d4-b1c5-4331-bcfe-816b511ffe33
Employee record found: false
[EMAIL STUB] To: psmile@allied.com, Subject: Shift Starts Soon, Body: Your shift starts in 30 minutes. Please be prepared and on site.
[32m[Nest] 51860  - [39m01/02/2026, 8:25:00 AM [32m    LOG[39m [38;5;3m[ShiftReminders] [39m[32mSent 30m reminder for shift e03b820d-f918-4636-a24d-3a9b8212c519[39m
[EMAIL STUB] To: psmile@allied.com, Subject: Clock In Reminder, Body: Your shift starts in 10 minutes. Please clock in on time.
[32m[Nest] 51860  - [39m01/02/2026, 8:45:00 AM [32m    LOG[39m [38;5;3m[ShiftReminders] [39m[32mSent 10m reminder for shift e03b820d-f918-4636-a24d-3a9b8212c519[39m
AUTH validateUser email= superadmin@unitedlinksecurity.com found= true
AUTH bcrypt.compare ok= true
Checking employee record for user: c45f92d4-b1c5-4331-bcfe-816b511ffe33
Employee record found: false
AUTH validateUser email= superadmin@unitedlinksecurity.com found= true
AUTH bcrypt.compare ok= true
Checking employee record for user: c45f92d4-b1c5-4331-bcfe-816b511ffe33
Employee record found: false
AUTH validateUser email= superadmin@unitedlinksecurity.com found= true
AUTH bcrypt.compare ok= true
Checking employee record for user: c45f92d4-b1c5-4331-bcfe-816b511ffe33
Employee record found: false
getShifts called {
  queryBusinessId: undefined,
  headerBusinessId: 'fa15dbd2-7fc2-4699-84bd-fff43f3717b0',
  start: '2025-12-28T23:00:00.000Z',
  end: '2026-01-04T22:59:59.999Z',
  employeeId: undefined,
  user: {
    userId: 'c45f92d4-b1c5-4331-bcfe-816b511ffe33',
    email: 'superadmin@unitedlinksecurity.com',
    role: 'SUPER_ADMIN',
    businessId: '13b5d0ba-20bc-4d73-b3dc-c96689d17f22'
  }
}
targetBusinessId resolved: fa15dbd2-7fc2-4699-84bd-fff43f3717b0
getShifts called {
  queryBusinessId: undefined,
  headerBusinessId: 'fa15dbd2-7fc2-4699-84bd-fff43f3717b0',
  start: '2025-12-28T23:00:00.000Z',
  end: '2026-01-04T22:59:59.999Z',
  employeeId: undefined,
  user: {
    userId: 'c45f92d4-b1c5-4331-bcfe-816b511ffe33',
    email: 'superadmin@unitedlinksecurity.com',
    role: 'SUPER_ADMIN',
    businessId: '13b5d0ba-20bc-4d73-b3dc-c96689d17f22'
  }
}
targetBusinessId resolved: fa15dbd2-7fc2-4699-84bd-fff43f3717b0
getShifts called {
  queryBusinessId: undefined,
  headerBusinessId: 'fa15dbd2-7fc2-4699-84bd-fff43f3717b0',
  start: '2025-12-28T23:00:00.000Z',
  end: '2026-01-04T22:59:59.999Z',
  employeeId: undefined,
  user: {
    userId: 'c45f92d4-b1c5-4331-bcfe-816b511ffe33',
    email: 'superadmin@unitedlinksecurity.com',
    role: 'SUPER_ADMIN',
    businessId: '13b5d0ba-20bc-4d73-b3dc-c96689d17f22'
  }
}
targetBusinessId resolved: fa15dbd2-7fc2-4699-84bd-fff43f3717b0
getShifts called {
  queryBusinessId: undefined,
  headerBusinessId: 'fa15dbd2-7fc2-4699-84bd-fff43f3717b0',
  start: '2025-12-28T23:00:00.000Z',
  end: '2026-01-04T22:59:59.999Z',
  employeeId: undefined,
  user: {
    userId: 'c45f92d4-b1c5-4331-bcfe-816b511ffe33',
    email: 'superadmin@unitedlinksecurity.com',
    role: 'SUPER_ADMIN',
    businessId: '13b5d0ba-20bc-4d73-b3dc-c96689d17f22'
  }
}
targetBusinessId resolved: fa15dbd2-7fc2-4699-84bd-fff43f3717b0
GET /paystubs called by: {
  userId: 'c45f92d4-b1c5-4331-bcfe-816b511ffe33',
  role: 'SUPER_ADMIN',
  targetBusinessId: 'fa15dbd2-7fc2-4699-84bd-fff43f3717b0'
}
Fetching business paystubs for: fa15dbd2-7fc2-4699-84bd-fff43f3717b0
GET /paystubs called by: {
  userId: 'c45f92d4-b1c5-4331-bcfe-816b511ffe33',
  role: 'SUPER_ADMIN',
  targetBusinessId: 'fa15dbd2-7fc2-4699-84bd-fff43f3717b0'
}
Fetching business paystubs for: fa15dbd2-7fc2-4699-84bd-fff43f3717b0
AUTH validateUser email= superadmin@unitedlinksecurity.com found= true
AUTH bcrypt.compare ok= true
Checking employee record for user: c45f92d4-b1c5-4331-bcfe-816b511ffe33
Employee record found: false
getShifts called {
  queryBusinessId: undefined,
  headerBusinessId: 'fa15dbd2-7fc2-4699-84bd-fff43f3717b0',
  start: '2025-12-28T23:00:00.000Z',
  end: '2026-01-04T22:59:59.999Z',
  employeeId: undefined,
  user: {
    userId: 'c45f92d4-b1c5-4331-bcfe-816b511ffe33',
    email: 'superadmin@unitedlinksecurity.com',
    role: 'SUPER_ADMIN',
    businessId: '13b5d0ba-20bc-4d73-b3dc-c96689d17f22'
  }
}
targetBusinessId resolved: fa15dbd2-7fc2-4699-84bd-fff43f3717b0
getShifts called {
  queryBusinessId: undefined,
  headerBusinessId: 'fa15dbd2-7fc2-4699-84bd-fff43f3717b0',
  start: '2025-12-28T23:00:00.000Z',
  end: '2026-01-04T22:59:59.999Z',
  employeeId: undefined,
  user: {
    userId: 'c45f92d4-b1c5-4331-bcfe-816b511ffe33',
    email: 'superadmin@unitedlinksecurity.com',
    role: 'SUPER_ADMIN',
    businessId: '13b5d0ba-20bc-4d73-b3dc-c96689d17f22'
  }
}
targetBusinessId resolved: fa15dbd2-7fc2-4699-84bd-fff43f3717b0
getShifts called {
  queryBusinessId: 'fa15dbd2-7fc2-4699-84bd-fff43f3717b0',
  headerBusinessId: 'fa15dbd2-7fc2-4699-84bd-fff43f3717b0',
  start: '2025-12-31T23:00:00.000Z',
  end: '2026-01-31T22:59:59.999Z',
  employeeId: '46477ca3-4de5-496a-beb3-ffedf8895cf9',
  user: {
    userId: 'c45f92d4-b1c5-4331-bcfe-816b511ffe33',
    email: 'superadmin@unitedlinksecurity.com',
    role: 'SUPER_ADMIN',
    businessId: '13b5d0ba-20bc-4d73-b3dc-c96689d17f22'
  }
}
targetBusinessId resolved: fa15dbd2-7fc2-4699-84bd-fff43f3717b0
getShifts called {
  queryBusinessId: undefined,
  headerBusinessId: 'fa15dbd2-7fc2-4699-84bd-fff43f3717b0',
  start: '2025-12-28T23:00:00.000Z',
  end: '2026-01-04T22:59:59.999Z',
  employeeId: undefined,
  user: {
    userId: 'c45f92d4-b1c5-4331-bcfe-816b511ffe33',
    email: 'superadmin@unitedlinksecurity.com',
    role: 'SUPER_ADMIN',
    businessId: '13b5d0ba-20bc-4d73-b3dc-c96689d17f22'
  }
}
targetBusinessId resolved: fa15dbd2-7fc2-4699-84bd-fff43f3717b0
getShifts called {
  queryBusinessId: undefined,
  headerBusinessId: 'fa15dbd2-7fc2-4699-84bd-fff43f3717b0',
  start: '2025-12-28T23:00:00.000Z',
  end: '2026-01-04T22:59:59.999Z',
  employeeId: undefined,
  user: {
    userId: 'c45f92d4-b1c5-4331-bcfe-816b511ffe33',
    email: 'superadmin@unitedlinksecurity.com',
    role: 'SUPER_ADMIN',
    businessId: '13b5d0ba-20bc-4d73-b3dc-c96689d17f22'
  }
}
targetBusinessId resolved: fa15dbd2-7fc2-4699-84bd-fff43f3717b0
[32m[Nest] 51860  - [39m01/03/2026, 12:11:56 AM [32m    LOG[39m [38;5;3m[EmployeesService] [39m[32mRunning checkExpiringQualifications cron job...[39m
AUTH validateUser email= superadmin@unitedlinksecurity.com found= true
AUTH bcrypt.compare ok= true
Checking employee record for user: c45f92d4-b1c5-4331-bcfe-816b511ffe33
Employee record found: false
[32m[Nest] 51860  - [39m01/04/2026, 12:49:52 AM [32m    LOG[39m [38;5;3m[EmployeesService] [39m[32mRunning checkExpiringQualifications cron job...[39m
[32m[Nest] 51860  - [39m01/05/2026, 12:22:57 AM [32m    LOG[39m [38;5;3m[EmployeesService] [39m[32mRunning checkExpiringQualifications cron job...[39m
[32m[Nest] 51860  - [39m01/06/2026, 12:08:08 AM [32m    LOG[39m [38;5;3m[EmployeesService] [39m[32mRunning checkExpiringQualifications cron job...[39m
AUTH validateUser email= superadmin@unitedlinksecurity.com found= true
AUTH bcrypt.compare ok= true
Checking employee record for user: c45f92d4-b1c5-4331-bcfe-816b511ffe33
Employee record found: false
getShifts called {
  queryBusinessId: undefined,
  headerBusinessId: 'fa15dbd2-7fc2-4699-84bd-fff43f3717b0',
  start: '2026-01-04T23:00:00.000Z',
  end: '2026-01-11T22:59:59.999Z',
  employeeId: undefined,
  user: {
    userId: 'c45f92d4-b1c5-4331-bcfe-816b511ffe33',
    email: 'superadmin@unitedlinksecurity.com',
    role: 'SUPER_ADMIN',
    businessId: '13b5d0ba-20bc-4d73-b3dc-c96689d17f22'
  }
}
targetBusinessId resolved: fa15dbd2-7fc2-4699-84bd-fff43f3717b0
getShifts called {
  queryBusinessId: undefined,
  headerBusinessId: 'fa15dbd2-7fc2-4699-84bd-fff43f3717b0',
  start: '2026-01-04T23:00:00.000Z',
  end: '2026-01-11T22:59:59.999Z',
  employeeId: undefined,
  user: {
    userId: 'c45f92d4-b1c5-4331-bcfe-816b511ffe33',
    email: 'superadmin@unitedlinksecurity.com',
    role: 'SUPER_ADMIN',
    businessId: '13b5d0ba-20bc-4d73-b3dc-c96689d17f22'
  }
}
targetBusinessId resolved: fa15dbd2-7fc2-4699-84bd-fff43f3717b0
[32m[Nest] 51860  - [39m01/07/2026, 12:06:07 AM [32m    LOG[39m [38;5;3m[EmployeesService] [39m[32mRunning checkExpiringQualifications cron job...[39m
AUTH validateUser email= superadmin@unitedlinksecurity.com found= true
AUTH bcrypt.compare ok= true
Checking employee record for user: c45f92d4-b1c5-4331-bcfe-816b511ffe33
Employee record found: false
AUTH validateUser email= superadmin@unitedlinksecurity.com found= true
AUTH bcrypt.compare ok= true
Checking employee record for user: c45f92d4-b1c5-4331-bcfe-816b511ffe33
Employee record found: false
Super Admin missing business context
Error in LocationsService.findAll: BadRequestException: Business context required for Super Admin
    at LocationsService.getBusinessId (/Users/it/Documents/trae_projects/unitedlinkgroup/apps/api/src/locations/locations.service.ts:17:15)
    at LocationsService.findAll (/Users/it/Documents/trae_projects/unitedlinkgroup/apps/api/src/locations/locations.service.ts:83:37)
    at LocationsController.findAll (/Users/it/Documents/trae_projects/unitedlinkgroup/apps/api/src/locations/locations.controller.ts:30:34)
    at /Users/it/Documents/trae_projects/unitedlinkgroup/node_modules/@nestjs/core/router/router-execution-context.js:38:29
    at process.processTicksAndRejections (node:internal/process/task_queues:105:5)
    at async /Users/it/Documents/trae_projects/unitedlinkgroup/node_modules/@nestjs/core/router/router-execution-context.js:46:28
    at async /Users/it/Documents/trae_projects/unitedlinkgroup/node_modules/@nestjs/core/router/router-proxy.js:9:17 {
  response: {
    message: 'Business context required for Super Admin',
    error: 'Bad Request',
    statusCode: 400
  },
  status: 400,
  options: {}
}
Super Admin missing business context
Error in LocationsService.findAll: BadRequestException: Business context required for Super Admin
    at LocationsService.getBusinessId (/Users/it/Documents/trae_projects/unitedlinkgroup/apps/api/src/locations/locations.service.ts:17:15)
    at LocationsService.findAll (/Users/it/Documents/trae_projects/unitedlinkgroup/apps/api/src/locations/locations.service.ts:83:37)
    at LocationsController.findAll (/Users/it/Documents/trae_projects/unitedlinkgroup/apps/api/src/locations/locations.controller.ts:30:34)
    at /Users/it/Documents/trae_projects/unitedlinkgroup/node_modules/@nestjs/core/router/router-execution-context.js:38:29
    at process.processTicksAndRejections (node:internal/process/task_queues:105:5)
    at async /Users/it/Documents/trae_projects/unitedlinkgroup/node_modules/@nestjs/core/router/router-execution-context.js:46:28
    at async /Users/it/Documents/trae_projects/unitedlinkgroup/node_modules/@nestjs/core/router/router-proxy.js:9:17 {
  response: {
    message: 'Business context required for Super Admin',
    error: 'Bad Request',
    statusCode: 400
  },
  status: 400,
  options: {}
}
AUTH validateUser email= superadmin@unitedlinksecurity.com found= true
AUTH bcrypt.compare ok= true
Checking employee record for user: c45f92d4-b1c5-4331-bcfe-816b511ffe33
Employee record found: false
Super Admin missing business context
Error in LocationsService.findAll: BadRequestException: Business context required for Super Admin
    at LocationsService.getBusinessId (/Users/it/Documents/trae_projects/unitedlinkgroup/apps/api/src/locations/locations.service.ts:17:15)
    at LocationsService.findAll (/Users/it/Documents/trae_projects/unitedlinkgroup/apps/api/src/locations/locations.service.ts:83:37)
    at LocationsController.findAll (/Users/it/Documents/trae_projects/unitedlinkgroup/apps/api/src/locations/locations.controller.ts:30:34)
    at /Users/it/Documents/trae_projects/unitedlinkgroup/node_modules/@nestjs/core/router/router-execution-context.js:38:29
    at process.processTicksAndRejections (node:internal/process/task_queues:105:5)
    at async /Users/it/Documents/trae_projects/unitedlinkgroup/node_modules/@nestjs/core/router/router-execution-context.js:46:28
    at async /Users/it/Documents/trae_projects/unitedlinkgroup/node_modules/@nestjs/core/router/router-proxy.js:9:17 {
  response: {
    message: 'Business context required for Super Admin',
    error: 'Bad Request',
    statusCode: 400
  },
  status: 400,
  options: {}
}
Super Admin missing business context
Error in LocationsService.findAll: BadRequestException: Business context required for Super Admin
    at LocationsService.getBusinessId (/Users/it/Documents/trae_projects/unitedlinkgroup/apps/api/src/locations/locations.service.ts:17:15)
    at LocationsService.findAll (/Users/it/Documents/trae_projects/unitedlinkgroup/apps/api/src/locations/locations.service.ts:83:37)
    at LocationsController.findAll (/Users/it/Documents/trae_projects/unitedlinkgroup/apps/api/src/locations/locations.controller.ts:30:34)
    at /Users/it/Documents/trae_projects/unitedlinkgroup/node_modules/@nestjs/core/router/router-execution-context.js:38:29
    at process.processTicksAndRejections (node:internal/process/task_queues:105:5)
    at async /Users/it/Documents/trae_projects/unitedlinkgroup/node_modules/@nestjs/core/router/router-execution-context.js:46:28
    at async /Users/it/Documents/trae_projects/unitedlinkgroup/node_modules/@nestjs/core/router/router-proxy.js:9:17 {
  response: {
    message: 'Business context required for Super Admin',
    error: 'Bad Request',
    statusCode: 400
  },
  status: 400,
  options: {}
}
AUTH validateUser email= superadmin@unitedlinksecurity.com found= true
AUTH bcrypt.compare ok= true
Checking employee record for user: c45f92d4-b1c5-4331-bcfe-816b511ffe33
Employee record found: false
Super Admin missing business context
Error in LocationsService.findAll: BadRequestException: Business context required for Super Admin
    at LocationsService.getBusinessId (/Users/it/Documents/trae_projects/unitedlinkgroup/apps/api/src/locations/locations.service.ts:17:15)
    at LocationsService.findAll (/Users/it/Documents/trae_projects/unitedlinkgroup/apps/api/src/locations/locations.service.ts:83:37)
    at LocationsController.findAll (/Users/it/Documents/trae_projects/unitedlinkgroup/apps/api/src/locations/locations.controller.ts:30:34)
    at /Users/it/Documents/trae_projects/unitedlinkgroup/node_modules/@nestjs/core/router/router-execution-context.js:38:29
    at process.processTicksAndRejections (node:internal/process/task_queues:105:5)
    at async /Users/it/Documents/trae_projects/unitedlinkgroup/node_modules/@nestjs/core/router/router-execution-context.js:46:28
    at async /Users/it/Documents/trae_projects/unitedlinkgroup/node_modules/@nestjs/core/router/router-proxy.js:9:17 {
  response: {
    message: 'Business context required for Super Admin',
    error: 'Bad Request',
    statusCode: 400
  },
  status: 400,
  options: {}
}
Super Admin missing business context
Error in LocationsService.findAll: BadRequestException: Business context required for Super Admin
    at LocationsService.getBusinessId (/Users/it/Documents/trae_projects/unitedlinkgroup/apps/api/src/locations/locations.service.ts:17:15)
    at LocationsService.findAll (/Users/it/Documents/trae_projects/unitedlinkgroup/apps/api/src/locations/locations.service.ts:83:37)
    at LocationsController.findAll (/Users/it/Documents/trae_projects/unitedlinkgroup/apps/api/src/locations/locations.controller.ts:30:34)
    at /Users/it/Documents/trae_projects/unitedlinkgroup/node_modules/@nestjs/core/router/router-execution-context.js:38:29
    at process.processTicksAndRejections (node:internal/process/task_queues:105:5)
    at async /Users/it/Documents/trae_projects/unitedlinkgroup/node_modules/@nestjs/core/router/router-execution-context.js:46:28
    at async /Users/it/Documents/trae_projects/unitedlinkgroup/node_modules/@nestjs/core/router/router-proxy.js:9:17 {
  response: {
    message: 'Business context required for Super Admin',
    error: 'Bad Request',
    statusCode: 400
  },
  status: 400,
  options: {}
}
AUTH validateUser email= superadmin@unitedlinksecurity.com found= true
AUTH bcrypt.compare ok= true
Checking employee record for user: c45f92d4-b1c5-4331-bcfe-816b511ffe33
Employee record found: false
Super Admin missing business context
Error in LocationsService.findAll: BadRequestException: Business context required for Super Admin
    at LocationsService.getBusinessId (/Users/it/Documents/trae_projects/unitedlinkgroup/apps/api/src/locations/locations.service.ts:17:15)
    at LocationsService.findAll (/Users/it/Documents/trae_projects/unitedlinkgroup/apps/api/src/locations/locations.service.ts:83:37)
    at LocationsController.findAll (/Users/it/Documents/trae_projects/unitedlinkgroup/apps/api/src/locations/locations.controller.ts:30:34)
    at /Users/it/Documents/trae_projects/unitedlinkgroup/node_modules/@nestjs/core/router/router-execution-context.js:38:29
    at process.processTicksAndRejections (node:internal/process/task_queues:105:5)
    at async /Users/it/Documents/trae_projects/unitedlinkgroup/node_modules/@nestjs/core/router/router-execution-context.js:46:28
    at async /Users/it/Documents/trae_projects/unitedlinkgroup/node_modules/@nestjs/core/router/router-proxy.js:9:17 {
  response: {
    message: 'Business context required for Super Admin',
    error: 'Bad Request',
    statusCode: 400
  },
  status: 400,
  options: {}
}
Super Admin missing business context
Error in LocationsService.findAll: BadRequestException: Business context required for Super Admin
    at LocationsService.getBusinessId (/Users/it/Documents/trae_projects/unitedlinkgroup/apps/api/src/locations/locations.service.ts:17:15)
    at LocationsService.findAll (/Users/it/Documents/trae_projects/unitedlinkgroup/apps/api/src/locations/locations.service.ts:83:37)
    at LocationsController.findAll (/Users/it/Documents/trae_projects/unitedlinkgroup/apps/api/src/locations/locations.controller.ts:30:34)
    at /Users/it/Documents/trae_projects/unitedlinkgroup/node_modules/@nestjs/core/router/router-execution-context.js:38:29
    at process.processTicksAndRejections (node:internal/process/task_queues:105:5)
    at async /Users/it/Documents/trae_projects/unitedlinkgroup/node_modules/@nestjs/core/router/router-execution-context.js:46:28
    at async /Users/it/Documents/trae_projects/unitedlinkgroup/node_modules/@nestjs/core/router/router-proxy.js:9:17 {
  response: {
    message: 'Business context required for Super Admin',
    error: 'Bad Request',
    statusCode: 400
  },
  status: 400,
  options: {}
}
AUTH validateUser email= superadmin@unitedlinksecurity.com found= true
AUTH bcrypt.compare ok= true
Checking employee record for user: c45f92d4-b1c5-4331-bcfe-816b511ffe33
Employee record found: false
Super Admin missing business context
Error in LocationsService.findAll: BadRequestException: Business context required for Super Admin
    at LocationsService.getBusinessId (/Users/it/Documents/trae_projects/unitedlinkgroup/apps/api/src/locations/locations.service.ts:17:15)
    at LocationsService.findAll (/Users/it/Documents/trae_projects/unitedlinkgroup/apps/api/src/locations/locations.service.ts:83:37)
    at LocationsController.findAll (/Users/it/Documents/trae_projects/unitedlinkgroup/apps/api/src/locations/locations.controller.ts:30:34)
    at /Users/it/Documents/trae_projects/unitedlinkgroup/node_modules/@nestjs/core/router/router-execution-context.js:38:29
    at process.processTicksAndRejections (node:internal/process/task_queues:105:5)
    at async /Users/it/Documents/trae_projects/unitedlinkgroup/node_modules/@nestjs/core/router/router-execution-context.js:46:28
    at async /Users/it/Documents/trae_projects/unitedlinkgroup/node_modules/@nestjs/core/router/router-proxy.js:9:17 {
  response: {
    message: 'Business context required for Super Admin',
    error: 'Bad Request',
    statusCode: 400
  },
  status: 400,
  options: {}
}
Super Admin missing business context
Error in LocationsService.findAll: BadRequestException: Business context required for Super Admin
    at LocationsService.getBusinessId (/Users/it/Documents/trae_projects/unitedlinkgroup/apps/api/src/locations/locations.service.ts:17:15)
    at LocationsService.findAll (/Users/it/Documents/trae_projects/unitedlinkgroup/apps/api/src/locations/locations.service.ts:83:37)
    at LocationsController.findAll (/Users/it/Documents/trae_projects/unitedlinkgroup/apps/api/src/locations/locations.controller.ts:30:34)
    at /Users/it/Documents/trae_projects/unitedlinkgroup/node_modules/@nestjs/core/router/router-execution-context.js:38:29
    at process.processTicksAndRejections (node:internal/process/task_queues:105:5)
    at async /Users/it/Documents/trae_projects/unitedlinkgroup/node_modules/@nestjs/core/router/router-execution-context.js:46:28
    at async /Users/it/Documents/trae_projects/unitedlinkgroup/node_modules/@nestjs/core/router/router-proxy.js:9:17 {
  response: {
    message: 'Business context required for Super Admin',
    error: 'Bad Request',
    statusCode: 400
  },
  status: 400,
  options: {}
}
getShifts called {
  queryBusinessId: 'cc93c9d4-c446-4bf2-b887-a3ded1e20b2d',
  headerBusinessId: 'cc93c9d4-c446-4bf2-b887-a3ded1e20b2d',
  start: '2025-12-31T23:00:00.000Z',
  end: '2026-01-31T22:59:59.999Z',
  employeeId: 'd8885eb7-41fe-4190-b791-7599f3e0ebaf',
  user: {
    userId: 'c45f92d4-b1c5-4331-bcfe-816b511ffe33',
    email: 'superadmin@unitedlinksecurity.com',
    role: 'SUPER_ADMIN',
    businessId: undefined
  }
}
targetBusinessId resolved: cc93c9d4-c446-4bf2-b887-a3ded1e20b2d
AUTH validateUser email= superadmin@unitedlinksecurity.com found= true
AUTH bcrypt.compare ok= true
Checking employee record for user: c45f92d4-b1c5-4331-bcfe-816b511ffe33
Employee record found: false
getShifts called {
  queryBusinessId: 'cc93c9d4-c446-4bf2-b887-a3ded1e20b2d',
  headerBusinessId: 'cc93c9d4-c446-4bf2-b887-a3ded1e20b2d',
  start: '2025-12-31T23:00:00.000Z',
  end: '2026-01-31T22:59:59.999Z',
  employeeId: 'd8885eb7-41fe-4190-b791-7599f3e0ebaf',
  user: {
    userId: 'c45f92d4-b1c5-4331-bcfe-816b511ffe33',
    email: 'superadmin@unitedlinksecurity.com',
    role: 'SUPER_ADMIN',
    businessId: 'cc93c9d4-c446-4bf2-b887-a3ded1e20b2d'
  }
}
targetBusinessId resolved: cc93c9d4-c446-4bf2-b887-a3ded1e20b2d
getShifts called {
  queryBusinessId: 'cc93c9d4-c446-4bf2-b887-a3ded1e20b2d',
  headerBusinessId: 'cc93c9d4-c446-4bf2-b887-a3ded1e20b2d',
  start: '2025-12-31T23:00:00.000Z',
  end: '2026-01-31T22:59:59.999Z',
  employeeId: 'd8885eb7-41fe-4190-b791-7599f3e0ebaf',
  user: {
    userId: 'c45f92d4-b1c5-4331-bcfe-816b511ffe33',
    email: 'superadmin@unitedlinksecurity.com',
    role: 'SUPER_ADMIN',
    businessId: 'cc93c9d4-c446-4bf2-b887-a3ded1e20b2d'
  }
}
targetBusinessId resolved: cc93c9d4-c446-4bf2-b887-a3ded1e20b2d
getShifts called {
  queryBusinessId: 'cc93c9d4-c446-4bf2-b887-a3ded1e20b2d',
  headerBusinessId: 'cc93c9d4-c446-4bf2-b887-a3ded1e20b2d',
  start: '2025-12-31T23:00:00.000Z',
  end: '2026-01-31T22:59:59.999Z',
  employeeId: 'd8885eb7-41fe-4190-b791-7599f3e0ebaf',
  user: {
    userId: 'c45f92d4-b1c5-4331-bcfe-816b511ffe33',
    email: 'superadmin@unitedlinksecurity.com',
    role: 'SUPER_ADMIN',
    businessId: 'cc93c9d4-c446-4bf2-b887-a3ded1e20b2d'
  }
}
targetBusinessId resolved: cc93c9d4-c446-4bf2-b887-a3ded1e20b2d
getShifts called {
  queryBusinessId: 'cc93c9d4-c446-4bf2-b887-a3ded1e20b2d',
  headerBusinessId: 'cc93c9d4-c446-4bf2-b887-a3ded1e20b2d',
  start: '2025-12-31T23:00:00.000Z',
  end: '2026-01-31T22:59:59.999Z',
  employeeId: 'd8885eb7-41fe-4190-b791-7599f3e0ebaf',
  user: {
    userId: 'c45f92d4-b1c5-4331-bcfe-816b511ffe33',
    email: 'superadmin@unitedlinksecurity.com',
    role: 'SUPER_ADMIN',
    businessId: 'cc93c9d4-c446-4bf2-b887-a3ded1e20b2d'
  }
}
targetBusinessId resolved: cc93c9d4-c446-4bf2-b887-a3ded1e20b2d
getShifts called {
  queryBusinessId: undefined,
  headerBusinessId: 'cc93c9d4-c446-4bf2-b887-a3ded1e20b2d',
  start: '2026-01-04T23:00:00.000Z',
  end: '2026-01-11T22:59:59.999Z',
  employeeId: undefined,
  user: {
    userId: 'c45f92d4-b1c5-4331-bcfe-816b511ffe33',
    email: 'superadmin@unitedlinksecurity.com',
    role: 'SUPER_ADMIN',
    businessId: 'cc93c9d4-c446-4bf2-b887-a3ded1e20b2d'
  }
}
targetBusinessId resolved: cc93c9d4-c446-4bf2-b887-a3ded1e20b2d
getShifts called {
  queryBusinessId: undefined,
  headerBusinessId: 'cc93c9d4-c446-4bf2-b887-a3ded1e20b2d',
  start: '2026-01-04T23:00:00.000Z',
  end: '2026-01-11T22:59:59.999Z',
  employeeId: undefined,
  user: {
    userId: 'c45f92d4-b1c5-4331-bcfe-816b511ffe33',
    email: 'superadmin@unitedlinksecurity.com',
    role: 'SUPER_ADMIN',
    businessId: 'cc93c9d4-c446-4bf2-b887-a3ded1e20b2d'
  }
}
targetBusinessId resolved: cc93c9d4-c446-4bf2-b887-a3ded1e20b2d
[31m[Nest] 51860  - [39m01/07/2026, 9:58:41 AM [31m  ERROR[39m [38;5;3m[GeocodingService] [39m[31mGeocoding failed for address: 800 Michigan Avenue NE Washington [39m
[31m[Nest] 51860  - [39m01/07/2026, 9:58:41 AM [31m  ERROR[39m [38;5;3m[GeocodingService] [39mAxiosError: getaddrinfo ENOTFOUND nominatim.openstreetmap.org
    at Function.AxiosError.from (/Users/it/Documents/trae_projects/unitedlinkgroup/node_modules/[4maxios[24m/lib/core/AxiosError.js:96:14)
    at RedirectableRequest.handleRequestError (/Users/it/Documents/trae_projects/unitedlinkgroup/node_modules/[4maxios[24m/lib/adapters/http.js:817:25)
[90m    at RedirectableRequest.emit (node:events:519:28)[39m
    at eventHandlers.<computed> (/Users/it/Documents/trae_projects/unitedlinkgroup/node_modules/[4mfollow-redirects[24m/index.js:49:24)
[90m    at ClientRequest.emit (node:events:519:28)[39m
[90m    at emitErrorEvent (node:_http_client:105:11)[39m
[90m    at TLSSocket.socketErrorListener (node:_http_client:518:5)[39m
[90m    at TLSSocket.emit (node:events:519:28)[39m
[90m    at emitErrorNT (node:internal/streams/destroy:170:8)[39m
[90m    at emitErrorCloseNT (node:internal/streams/destroy:129:3)[39m
    at Axios.request (/Users/it/Documents/trae_projects/unitedlinkgroup/node_modules/[4maxios[24m/lib/core/Axios.js:45:41)
[90m    at process.processTicksAndRejections (node:internal/process/task_queues:105:5)[39m
    at async GeocodingService.geocode [90m(/Users/it/Documents/trae_projects/unitedlinkgroup/apps/api/[39msrc/common/geocoding.service.ts:11:24[90m)[39m
    at async LocationsService.create [90m(/Users/it/Documents/trae_projects/unitedlinkgroup/apps/api/[39msrc/locations/locations.service.ts:55:24[90m)[39m
    at async /Users/it/Documents/trae_projects/unitedlinkgroup/node_modules/[4m@nestjs/core[24m/router/router-execution-context.js:46:28
    at async /Users/it/Documents/trae_projects/unitedlinkgroup/node_modules/[4m@nestjs/core[24m/router/router-proxy.js:9:17 {
  hostname: [32m'nominatim.openstreetmap.org'[39m,
  syscall: [32m'getaddrinfo'[39m,
  code: [32m'ENOTFOUND'[39m,
  errno: [33m-3008[39m,
  config: {
    transitional: {
      silentJSONParsing: [33mtrue[39m,
      forcedJSONParsing: [33mtrue[39m,
      clarifyTimeoutError: [33mfalse[39m
    },
    adapter: [
      [32m'xhr'[39m,
      [32m'http'[39m,
      [32m'fetch'[39m
    ],
    transformRequest: [
      [36m[Function: transformRequest][39m
    ],
    transformResponse: [
      [36m[Function: transformResponse][39m
    ],
    timeout: [33m0[39m,
    xsrfCookieName: [32m'XSRF-TOKEN'[39m,
    xsrfHeaderName: [32m'X-XSRF-TOKEN'[39m,
    maxContentLength: [33m-1[39m,
    maxBodyLength: [33m-1[39m,
    env: {
      FormData: [Function: FormData] {
        LINE_BREAK: [32m'\r\n'[39m,
        DEFAULT_CONTENT_TYPE: [32m'application/octet-stream'[39m
      },
      Blob: [36m[class Blob][39m
    },
    validateStatus: [36m[Function: validateStatus][39m,
    headers: Object [AxiosHeaders] {
      Accept: [32m'application/json, text/plain, */*'[39m,
      [32m'Content-Type'[39m: [90mundefined[39m,
      [32m'User-Agent'[39m: [32m'UnitedLinkGroup/1.0'[39m,
      [32m'Accept-Encoding'[39m: [32m'gzip, compress, deflate, br'[39m
    },
    params: {
      q: [32m'800 Michigan Avenue NE Washington '[39m,
      format: [32m'json'[39m,
      limit: [33m1[39m
    },
    method: [32m'get'[39m,
    url: [32m'https://nominatim.openstreetmap.org/search'[39m,
    allowAbsoluteUrls: [33mtrue[39m,
    data: [90mundefined[39m
  },
  request: [36m<ref *1>[39m Writable {
    _events: {
      close: [90mundefined[39m,
      error: [36m[Function: handleRequestError][39m,
      prefinish: [90mundefined[39m,
      finish: [90mundefined[39m,
      drain: [90mundefined[39m,
      response: [36m[Function: handleResponse][39m,
      socket: [
        [36m[Function: handleRequestSocket][39m,
        [36m[Function: destroyOnTimeout][39m
      ],
      abort: [90mundefined[39m
    },
    _writableState: WritableState {
      highWaterMark: [33m65536[39m,
      length: [33m0[39m,
      corked: [33m0[39m,
      onwrite: [36m[Function: bound onwrite][39m,
      writelen: [33m0[39m,
      bufferedIndex: [33m0[39m,
      pendingcb: [33m0[39m,
      [[32mSymbol(kState)[39m]: [33m17580812[39m,
      [[32mSymbol(kBufferedValue)[39m]: [1mnull[22m
    },
    _maxListeners: [90mundefined[39m,
    _options: {
      maxRedirects: [33m21[39m,
      maxBodyLength: [33mInfinity[39m,
      protocol: [32m'https:'[39m,
      path: [32m'/search?q=800+Michigan+Avenue+NE+Washington+&format=json&limit=1'[39m,
      method: [32m'GET'[39m,
      headers: [Object: null prototype] {
        Accept: [32m'application/json, text/plain, */*'[39m,
        [32m'User-Agent'[39m: [32m'UnitedLinkGroup/1.0'[39m,
        [32m'Accept-Encoding'[39m: [32m'gzip, compress, deflate, br'[39m
      },
      agents: {
        http: [90mundefined[39m,
        https: [90mundefined[39m
      },
      auth: [90mundefined[39m,
      family: [90mundefined[39m,
      beforeRedirect: [36m[Function: dispatchBeforeRedirect][39m,
      beforeRedirects: {
        proxy: [36m[Function: beforeRedirect][39m
      },
      http2Options: [90mundefined[39m,
      hostname: [32m'nominatim.openstreetmap.org'[39m,
      port: [32m''[39m,
      agent: [90mundefined[39m,
      nativeProtocols: {
        [32m'http:'[39m: {
          _connectionListener: [36m[Function: connectionListener][39m,
          METHODS: [
            [32m'ACL'[39m,
            [32m'BIND'[39m,
            [32m'CHECKOUT'[39m,
            [32m'CONNECT'[39m,
            [32m'COPY'[39m,
            [32m'DELETE'[39m,
            [32m'GET'[39m,
            [32m'HEAD'[39m,
            [32m'LINK'[39m,
            [32m'LOCK'[39m,
            [32m'M-SEARCH'[39m,
            [32m'MERGE'[39m,
            [32m'MKACTIVITY'[39m,
            [32m'MKCALENDAR'[39m,
            [32m'MKCOL'[39m,
            [32m'MOVE'[39m,
            [32m'NOTIFY'[39m,
            [32m'OPTIONS'[39m,
            [32m'PATCH'[39m,
            [32m'POST'[39m,
            [32m'PROPFIND'[39m,
            [32m'PROPPATCH'[39m,
            [32m'PURGE'[39m,
            [32m'PUT'[39m,
            [32m'QUERY'[39m,
            [32m'REBIND'[39m,
            [32m'REPORT'[39m,
            [32m'SEARCH'[39m,
            [32m'SOURCE'[39m,
            [32m'SUBSCRIBE'[39m,
            [32m'TRACE'[39m,
            [32m'UNBIND'[39m,
            [32m'UNLINK'[39m,
            [32m'UNLOCK'[39m,
            [32m'UNSUBSCRIBE'[39m
          ],
          STATUS_CODES: {
            [32m'100'[39m: [32m'Continue'[39m,
            [32m'101'[39m: [32m'Switching Protocols'[39m,
            [32m'102'[39m: [32m'Processing'[39m,
            [32m'103'[39m: [32m'Early Hints'[39m,
            [32m'200'[39m: [32m'OK'[39m,
            [32m'201'[39m: [32m'Created'[39m,
            [32m'202'[39m: [32m'Accepted'[39m,
            [32m'203'[39m: [32m'Non-Authoritative Information'[39m,
            [32m'204'[39m: [32m'No Content'[39m,
            [32m'205'[39m: [32m'Reset Content'[39m,
            [32m'206'[39m: [32m'Partial Content'[39m,
            [32m'207'[39m: [32m'Multi-Status'[39m,
            [32m'208'[39m: [32m'Already Reported'[39m,
            [32m'226'[39m: [32m'IM Used'[39m,
            [32m'300'[39m: [32m'Multiple Choices'[39m,
            [32m'301'[39m: [32m'Moved Permanently'[39m,
            [32m'302'[39m: [32m'Found'[39m,
            [32m'303'[39m: [32m'See Other'[39m,
            [32m'304'[39m: [32m'Not Modified'[39m,
            [32m'305'[39m: [32m'Use Proxy'[39m,
            [32m'307'[39m: [32m'Temporary Redirect'[39m,
            [32m'308'[39m: [32m'Permanent Redirect'[39m,
            [32m'400'[39m: [32m'Bad Request'[39m,
            [32m'401'[39m: [32m'Unauthorized'[39m,
            [32m'402'[39m: [32m'Payment Required'[39m,
            [32m'403'[39m: [32m'Forbidden'[39m,
            [32m'404'[39m: [32m'Not Found'[39m,
            [32m'405'[39m: [32m'Method Not Allowed'[39m,
            [32m'406'[39m: [32m'Not Acceptable'[39m,
            [32m'407'[39m: [32m'Proxy Authentication Required'[39m,
            [32m'408'[39m: [32m'Request Timeout'[39m,
            [32m'409'[39m: [32m'Conflict'[39m,
            [32m'410'[39m: [32m'Gone'[39m,
            [32m'411'[39m: [32m'Length Required'[39m,
            [32m'412'[39m: [32m'Precondition Failed'[39m,
            [32m'413'[39m: [32m'Payload Too Large'[39m,
            [32m'414'[39m: [32m'URI Too Long'[39m,
            [32m'415'[39m: [32m'Unsupported Media Type'[39m,
            [32m'416'[39m: [32m'Range Not Satisfiable'[39m,
            [32m'417'[39m: [32m'Expectation Failed'[39m,
            [32m'418'[39m: [32m"I'm a Teapot"[39m,
            [32m'421'[39m: [32m'Misdirected Request'[39m,
            [32m'422'[39m: [32m'Unprocessable Entity'[39m,
            [32m'423'[39m: [32m'Locked'[39m,
            [32m'424'[39m: [32m'Failed Dependency'[39m,
            [32m'425'[39m: [32m'Too Early'[39m,
            [32m'426'[39m: [32m'Upgrade Required'[39m,
            [32m'428'[39m: [32m'Precondition Required'[39m,
            [32m'429'[39m: [32m'Too Many Requests'[39m,
            [32m'431'[39m: [32m'Request Header Fields Too Large'[39m,
            [32m'451'[39m: [32m'Unavailable For Legal Reasons'[39m,
            [32m'500'[39m: [32m'Internal Server Error'[39m,
            [32m'501'[39m: [32m'Not Implemented'[39m,
            [32m'502'[39m: [32m'Bad Gateway'[39m,
            [32m'503'[39m: [32m'Service Unavailable'[39m,
            [32m'504'[39m: [32m'Gateway Timeout'[39m,
            [32m'505'[39m: [32m'HTTP Version Not Supported'[39m,
            [32m'506'[39m: [32m'Variant Also Negotiates'[39m,
            [32m'507'[39m: [32m'Insufficient Storage'[39m,
            [32m'508'[39m: [32m'Loop Detected'[39m,
            [32m'509'[39m: [32m'Bandwidth Limit Exceeded'[39m,
            [32m'510'[39m: [32m'Not Extended'[39m,
            [32m'511'[39m: [32m'Network Authentication Required'[39m
          },
          Agent: [Function: Agent] {
            defaultMaxSockets: [33mInfinity[39m
          },
          ClientRequest: [36m[Function: ClientRequest][39m,
          IncomingMessage: [36m[Function: IncomingMessage][39m,
          OutgoingMessage: [36m[Function: OutgoingMessage][39m,
          Server: [36m[Function: Server][39m,
          ServerResponse: [36m[Function: ServerResponse][39m,
          createServer: [36m[Function: createServer][39m,
          validateHeaderName: [Function: validateHeaderName] {
            withoutStackTrace: [36m[Function (anonymous)][39m
          },
          validateHeaderValue: [Function: validateHeaderValue] {
            withoutStackTrace: [36m[Function (anonymous)][39m
          },
          get: [36m[Function: get][39m,
          request: [36m[Function: request][39m,
          setMaxIdleHTTPParsers: [36m[Function: setMaxIdleHTTPParsers][39m,
          maxHeaderSize: [36m[Getter][39m,
          globalAgent: [36m[Getter/Setter][39m,
          WebSocket: [36m[Getter][39m,
          CloseEvent: [36m[Getter][39m,
          MessageEvent: [36m[Getter][39m
        },
        [32m'https:'[39m: {
          Agent: [36m[Function: Agent][39m,
          globalAgent: Agent {
            _events: [36m[Object: null prototype][39m,
            _eventsCount: [33m2[39m,
            _maxListeners: [90mundefined[39m,
            defaultPort: [33m443[39m,
            protocol: [32m'https:'[39m,
            options: [36m[Object: null prototype][39m,
            requests: [Object: null prototype] {},
            sockets: [36m[Object: null prototype][39m,
            freeSockets: [Object: null prototype] {},
            keepAliveMsecs: [33m1000[39m,
            keepAlive: [33mtrue[39m,
            maxSockets: [33mInfinity[39m,
            maxFreeSockets: [33m256[39m,
            scheduling: [32m'lifo'[39m,
            maxTotalSockets: [33mInfinity[39m,
            totalSocketCount: [33m1[39m,
            agentKeepAliveTimeoutBuffer: [33m1000[39m,
            maxCachedSessions: [33m100[39m,
            _sessionCache: [36m[Object][39m,
            [[32mSymbol(shapeMode)[39m]: [33mfalse[39m,
            [[32mSymbol(kCapture)[39m]: [33mfalse[39m
          },
          Server: [36m[Function: Server][39m,
          createServer: [36m[Function: createServer][39m,
          get: [36m[Function: get][39m,
          request: [36m[Function: request][39m
        }
      },
      pathname: [32m'/search'[39m,
      search: [32m'?q=800+Michigan+Avenue+NE+Washington+&format=json&limit=1'[39m
    },
    _ended: [33mtrue[39m,
    _ending: [33mtrue[39m,
    _redirectCount: [33m0[39m,
    _redirects: [],
    _requestBodyLength: [33m0[39m,
    _requestBodyBuffers: [],
    _eventsCount: [33m3[39m,
    _onNativeResponse: [36m[Function (anonymous)][39m,
    _currentRequest: [36m<ref *2>[39m ClientRequest {
      _events: [Object: null prototype] {
        response: [Function: bound onceWrapper] {
          listener: [36m[Function (anonymous)][39m
        },
        abort: [36m[Function (anonymous)][39m,
        aborted: [36m[Function (anonymous)][39m,
        connect: [36m[Function (anonymous)][39m,
        error: [36m[Function (anonymous)][39m,
        socket: [36m[Function (anonymous)][39m,
        timeout: [36m[Function (anonymous)][39m
      },
      _eventsCount: [33m7[39m,
      _maxListeners: [90mundefined[39m,
      outputData: [],
      outputSize: [33m0[39m,
      writable: [33mtrue[39m,
      destroyed: [33mfalse[39m,
      _last: [33mtrue[39m,
      chunkedEncoding: [33mfalse[39m,
      shouldKeepAlive: [33mtrue[39m,
      maxRequestsOnConnectionReached: [33mfalse[39m,
      _defaultKeepAlive: [33mtrue[39m,
      useChunkedEncodingByDefault: [33mfalse[39m,
      sendDate: [33mfalse[39m,
      _removedConnection: [33mfalse[39m,
      _removedContLen: [33mfalse[39m,
      _removedTE: [33mfalse[39m,
      strictContentLength: [33mfalse[39m,
      _contentLength: [33m0[39m,
      _hasBody: [33mtrue[39m,
      _trailer: [32m''[39m,
      finished: [33mtrue[39m,
      _headerSent: [33mtrue[39m,
      _closed: [33mfalse[39m,
      _header: [32m'GET /search?q=800+Michigan+Avenue+NE+Washington+&format=json&limit=1 HTTP/1.1\r\nAccept: application/json, text/plain, */*\r\nUser-Agent: UnitedLinkGroup/1.0\r\nAccept-Encoding: gzip, compress, deflate, br\r\nHost: nominatim.openstreetmap.org\r\nConnection: keep-alive\r\n\r\n'[39m,
      _keepAliveTimeout: [33m0[39m,
      _onPendingData: [36m[Function: nop][39m,
      agent: Agent {
        _events: [Object: null prototype] {
          free: [36m[Function (anonymous)][39m,
          newListener: [36m[Function: maybeEnableKeylog][39m
        },
        _eventsCount: [33m2[39m,
        _maxListeners: [90mundefined[39m,
        defaultPort: [33m443[39m,
        protocol: [32m'https:'[39m,
        options: [Object: null prototype] {
          keepAlive: [33mtrue[39m,
          scheduling: [32m'lifo'[39m,
          timeout: [33m5000[39m,
          noDelay: [33mtrue[39m,
          path: [1mnull[22m
        },
        requests: [Object: null prototype] {},
        sockets: [Object: null prototype] {
          [32m'nominatim.openstreetmap.org:443:::::::::::::::::::::'[39m: [
            [36m[TLSSocket][39m
          ]
        },
        freeSockets: [Object: null prototype] {},
        keepAliveMsecs: [33m1000[39m,
        keepAlive: [33mtrue[39m,
        maxSockets: [33mInfinity[39m,
        maxFreeSockets: [33m256[39m,
        scheduling: [32m'lifo'[39m,
        maxTotalSockets: [33mInfinity[39m,
        totalSocketCount: [33m1[39m,
        agentKeepAliveTimeoutBuffer: [33m1000[39m,
        maxCachedSessions: [33m100[39m,
        _sessionCache: {
          map: {},
          list: []
        },
        [[32mSymbol(shapeMode)[39m]: [33mfalse[39m,
        [[32mSymbol(kCapture)[39m]: [33mfalse[39m
      },
      socketPath: [90mundefined[39m,
      method: [32m'GET'[39m,
      maxHeaderSize: [90mundefined[39m,
      insecureHTTPParser: [90mundefined[39m,
      joinDuplicateHeaders: [90mundefined[39m,
      path: [32m'/search?q=800+Michigan+Avenue+NE+Washington+&format=json&limit=1'[39m,
      _ended: [33mfalse[39m,
      res: [1mnull[22m,
      aborted: [33mfalse[39m,
      timeoutCb: [36m[Function: emitRequestTimeout][39m,
      upgradeOrConnect: [33mfalse[39m,
      parser: [1mnull[22m,
      maxHeadersCount: [1mnull[22m,
      reusedSocket: [33mfalse[39m,
      host: [32m'nominatim.openstreetmap.org'[39m,
      protocol: [32m'https:'[39m,
      _redirectable: [36m[Circular *1][39m,
      [[32mSymbol(shapeMode)[39m]: [33mfalse[39m,
      [[32mSymbol(kCapture)[39m]: [33mfalse[39m,
      [[32mSymbol(kBytesWritten)[39m]: [33m0[39m,
      [[32mSymbol(kNeedDrain)[39m]: [33mfalse[39m,
      [[32mSymbol(corked)[39m]: [33m0[39m,
      [[32mSymbol(kChunkedBuffer)[39m]: [],
      [[32mSymbol(kChunkedLength)[39m]: [33m0[39m,
      [[32mSymbol(kSocket)[39m]: [36m<ref *3>[39m TLSSocket {
        _tlsOptions: {
          allowHalfOpen: [90mundefined[39m,
          pipe: [33mfalse[39m,
          secureContext: SecureContext {
            context: SecureContext {}
          },
          isServer: [33mfalse[39m,
          requestCert: [33mtrue[39m,
          rejectUnauthorized: [33mtrue[39m,
          session: [90mundefined[39m,
          ALPNProtocols: [90mundefined[39m,
          requestOCSP: [90mundefined[39m,
          enableTrace: [90mundefined[39m,
          pskCallback: [90mundefined[39m,
          highWaterMark: [90mundefined[39m,
          onread: [90mundefined[39m,
          signal: [90mundefined[39m
        },
        _secureEstablished: [33mfalse[39m,
        _securePending: [33mfalse[39m,
        _newSessionPending: [33mfalse[39m,
        _controlReleased: [33mtrue[39m,
        secureConnecting: [33mtrue[39m,
        _SNICallback: [1mnull[22m,
        servername: [1mnull[22m,
        alpnProtocol: [1mnull[22m,
        authorized: [33mfalse[39m,
        authorizationError: [1mnull[22m,
        encrypted: [33mtrue[39m,
        _events: [Object: null prototype] {
          close: [
            [36m[Function: onSocketCloseDestroySSL][39m,
            [36m[Function][39m,
            [36m[Function: onClose][39m,
            [36m[Function: socketCloseListener][39m,
            [36m[Function][39m
          ],
          end: [
            [36m[Function: onConnectEnd][39m,
            [36m[Function: onReadableStreamEnd][39m
          ],
          error: [36m[Function: socketErrorListener][39m,
          newListener: [36m[Function: keylogNewListener][39m,
          connect: [
            [36m[Function][39m,
            [36m[Function][39m,
            [36m[Function][39m
          ],
          secure: [36m[Function: onConnectSecure][39m,
          session: [36m[Function (anonymous)][39m,
          free: [36m[Function: onFree][39m,
          timeout: [
            [36m[Function: onTimeout][39m,
            [36m[Function][39m,
            [36m[Function (anonymous)][39m
          ],
          agentRemove: [36m[Function: onRemove][39m,
          data: [90mundefined[39m,
          drain: [36m[Function: ondrain][39m
        },
        _eventsCount: [33m11[39m,
        connecting: [33mfalse[39m,
        _hadError: [33mtrue[39m,
        _parent: [1mnull[22m,
        _host: [32m'nominatim.openstreetmap.org'[39m,
        _closeAfterHandlingError: [33mfalse[39m,
        _readableState: ReadableState {
          highWaterMark: [33m65536[39m,
          buffer: [],
          bufferIndex: [33m0[39m,
          length: [33m0[39m,
          pipes: [],
          awaitDrainWriters: [1mnull[22m,
          [[32mSymbol(kState)[39m]: [33m59779574[39m,
          [[32mSymbol(kErroredValue)[39m]: Error: getaddrinfo ENOTFOUND nominatim.openstreetmap.org
          [90m    at GetAddrInfoReqWrap.onlookupall [as oncomplete] (node:dns:122:26)[39m {
            errno: [33m-3008[39m,
            code: [32m'ENOTFOUND'[39m,
            syscall: [32m'getaddrinfo'[39m,
            hostname: [32m'nominatim.openstreetmap.org'[39m
          }
        },
        _writableState: WritableState {
          highWaterMark: [33m65536[39m,
          length: [33m262[39m,
          corked: [33m0[39m,
          onwrite: [36m[Function: bound onwrite][39m,
          writelen: [33m262[39m,
          bufferedIndex: [33m0[39m,
          pendingcb: [33m1[39m,
          [[32mSymbol(kState)[39m]: [33m118260214[39m,
          [[32mSymbol(kBufferedValue)[39m]: [1mnull[22m,
          [[32mSymbol(kWriteCbValue)[39m]: [36m[Function: bound onFinish][39m,
          [[32mSymbol(kErroredValue)[39m]: Error: getaddrinfo ENOTFOUND nominatim.openstreetmap.org
          [90m    at GetAddrInfoReqWrap.onlookupall [as oncomplete] (node:dns:122:26)[39m {
            errno: [33m-3008[39m,
            code: [32m'ENOTFOUND'[39m,
            syscall: [32m'getaddrinfo'[39m,
            hostname: [32m'nominatim.openstreetmap.org'[39m
          }
        },
        allowHalfOpen: [33mfalse[39m,
        _maxListeners: [90mundefined[39m,
        _sockname: [1mnull[22m,
        _pendingData: [32m'GET /search?q=800+Michigan+Avenue+NE+Washington+&format=json&limit=1 HTTP/1.1\r\nAccept: application/json, text/plain, */*\r\nUser-Agent: UnitedLinkGroup/1.0\r\nAccept-Encoding: gzip, compress, deflate, br\r\nHost: nominatim.openstreetmap.org\r\nConnection: keep-alive\r\n\r\n'[39m,
        _pendingEncoding: [32m'latin1'[39m,
        server: [90mundefined[39m,
        _server: [1mnull[22m,
        ssl: [1mnull[22m,
        _requestCert: [33mtrue[39m,
        _rejectUnauthorized: [33mtrue[39m,
        timeout: [33m0[39m,
        parser: [1mnull[22m,
        _httpMessage: [36m[Circular *2][39m,
        [[32mSymbol(alpncallback)[39m]: [1mnull[22m,
        [[32mSymbol(res)[39m]: TLSWrap {
          _parent: TCP {
            reading: [36m[Getter/Setter][39m,
            onconnection: [1mnull[22m,
            [[32mSymbol(owner_symbol)[39m]: [36m[Circular *3][39m,
            [[32mSymbol(handle_onclose)[39m]: [36m[Function: done][39m
          },
          _parentWrap: [1mnull[22m,
          _secureContext: SecureContext {
            context: SecureContext {}
          },
          reading: [33mfalse[39m,
          onkeylog: [36m[Function: onkeylog][39m,
          onhandshakestart: [36m[Function: noop][39m,
          onhandshakedone: [36m[Function (anonymous)][39m,
          onocspresponse: [36m[Function: onocspresponse][39m,
          onnewsession: [36m[Function: onnewsessionclient][39m,
          onerror: [36m[Function: onerror][39m,
          [[32mSymbol(owner_symbol)[39m]: [36m[Circular *3][39m
        },
        [[32mSymbol(verified)[39m]: [33mfalse[39m,
        [[32mSymbol(pendingSession)[39m]: [1mnull[22m,
        [[32mSymbol(async_id_symbol)[39m]: [33m174675[39m,
        [[32mSymbol(kHandle)[39m]: [1mnull[22m,
        [[32mSymbol(lastWriteQueueSize)[39m]: [33m0[39m,
        [[32mSymbol(timeout)[39m]: Timeout {
          _idleTimeout: [33m-1[39m,
          _idlePrev: [1mnull[22m,
          _idleNext: [1mnull[22m,
          _idleStart: [33m601768301[39m,
          _onTimeout: [1mnull[22m,
          _timerArgs: [90mundefined[39m,
          _repeat: [1mnull[22m,
          _destroyed: [33mtrue[39m,
          [[32mSymbol(refed)[39m]: [33mfalse[39m,
          [[32mSymbol(kHasPrimitive)[39m]: [33mfalse[39m,
          [[32mSymbol(asyncId)[39m]: [33m174677[39m,
          [[32mSymbol(triggerId)[39m]: [33m0[39m,
          [[32mSymbol(kAsyncContextFrame)[39m]: [90mundefined[39m
        },
        [[32mSymbol(kBuffer)[39m]: [1mnull[22m,
        [[32mSymbol(kBufferCb)[39m]: [1mnull[22m,
        [[32mSymbol(kBufferGen)[39m]: [1mnull[22m,
        [[32mSymbol(shapeMode)[39m]: [33mtrue[39m,
        [[32mSymbol(kCapture)[39m]: [33mfalse[39m,
        [[32mSymbol(kSetNoDelay)[39m]: [33mfalse[39m,
        [[32mSymbol(kSetKeepAlive)[39m]: [33mtrue[39m,
        [[32mSymbol(kSetKeepAliveInitialDelay)[39m]: [33m60[39m,
        [[32mSymbol(kBytesRead)[39m]: [33m0[39m,
        [[32mSymbol(kBytesWritten)[39m]: [33m0[39m,
        [[32mSymbol(connect-options)[39m]: {
          rejectUnauthorized: [33mtrue[39m,
          ciphers: [32m'TLS_AES_256_GCM_SHA384:TLS_CHACHA20_POLY1305_SHA256:TLS_AES_128_GCM_SHA256:ECDHE-RSA-AES128-GCM-SHA256:ECDHE-ECDSA-AES128-GCM-SHA256:ECDHE-RSA-AES256-GCM-SHA384:ECDHE-ECDSA-AES256-GCM-SHA384:DHE-RSA-AES128-GCM-SHA256:ECDHE-RSA-AES128-SHA256:DHE-RSA-AES128-SHA256:ECDHE-RSA-AES256-SHA384:DHE-RSA-AES256-SHA384:ECDHE-RSA-AES256-SHA256:DHE-RSA-AES256-SHA256:HIGH:!aNULL:!eNULL:!EXPORT:!DES:!RC4:!MD5:!PSK:!SRP:!CAMELLIA'[39m,
          checkServerIdentity: [36m[Function: checkServerIdentity][39m,
          minDHSize: [33m1024[39m,
          maxRedirects: [33m21[39m,
          maxBodyLength: [33mInfinity[39m,
          protocol: [32m'https:'[39m,
          path: [1mnull[22m,
          method: [32m'GET'[39m,
          headers: [Object: null prototype] {
            Accept: [32m'application/json, text/plain, */*'[39m,
            [32m'User-Agent'[39m: [32m'UnitedLinkGroup/1.0'[39m,
            [32m'Accept-Encoding'[39m: [32m'gzip, compress, deflate, br'[39m
          },
          agents: {
            http: [90mundefined[39m,
            https: [90mundefined[39m
          },
          auth: [90mundefined[39m,
          family: [90mundefined[39m,
          beforeRedirect: [36m[Function: dispatchBeforeRedirect][39m,
          beforeRedirects: {
            proxy: [36m[Function: beforeRedirect][39m
          },
          http2Options: [90mundefined[39m,
          hostname: [32m'nominatim.openstreetmap.org'[39m,
          port: [33m443[39m,
          agent: [90mundefined[39m,
          nativeProtocols: {
            [32m'http:'[39m: [36m[Object][39m,
            [32m'https:'[39m: [36m[Object][39m
          },
          pathname: [32m'/search'[39m,
          search: [32m'?q=800+Michigan+Avenue+NE+Washington+&format=json&limit=1'[39m,
          _defaultAgent: Agent {
            _events: [36m[Object: null prototype][39m,
            _eventsCount: [33m2[39m,
            _maxListeners: [90mundefined[39m,
            defaultPort: [33m443[39m,
            protocol: [32m'https:'[39m,
            options: [36m[Object: null prototype][39m,
            requests: [Object: null prototype] {},
            sockets: [36m[Object: null prototype][39m,
            freeSockets: [Object: null prototype] {},
            keepAliveMsecs: [33m1000[39m,
            keepAlive: [33mtrue[39m,
            maxSockets: [33mInfinity[39m,
            maxFreeSockets: [33m256[39m,
            scheduling: [32m'lifo'[39m,
            maxTotalSockets: [33mInfinity[39m,
            totalSocketCount: [33m1[39m,
            agentKeepAliveTimeoutBuffer: [33m1000[39m,
            maxCachedSessions: [33m100[39m,
            _sessionCache: [36m[Object][39m,
            [[32mSymbol(shapeMode)[39m]: [33mfalse[39m,
            [[32mSymbol(kCapture)[39m]: [33mfalse[39m
          },
          host: [32m'nominatim.openstreetmap.org'[39m,
          keepAlive: [33mtrue[39m,
          scheduling: [32m'lifo'[39m,
          timeout: [33m5000[39m,
          noDelay: [33mtrue[39m,
          servername: [32m'nominatim.openstreetmap.org'[39m,
          _agentKey: [32m'nominatim.openstreetmap.org:443:::::::::::::::::::::'[39m,
          encoding: [1mnull[22m,
          keepAliveInitialDelay: [33m1000[39m
        }
      },
      [[32mSymbol(kOutHeaders)[39m]: [Object: null prototype] {
        accept: [
          [32m'Accept'[39m,
          [32m'application/json, text/plain, */*'[39m
        ],
        [32m'user-agent'[39m: [
          [32m'User-Agent'[39m,
          [32m'UnitedLinkGroup/1.0'[39m
        ],
        [32m'accept-encoding'[39m: [
          [32m'Accept-Encoding'[39m,
          [32m'gzip, compress, deflate, br'[39m
        ],
        host: [
          [32m'Host'[39m,
          [32m'nominatim.openstreetmap.org'[39m
        ]
      },
      [[32mSymbol(errored)[39m]: [1mnull[22m,
      [[32mSymbol(kHighWaterMark)[39m]: [33m65536[39m,
      [[32mSymbol(kRejectNonStandardBodyWrites)[39m]: [33mfalse[39m,
      [[32mSymbol(kUniqueHeaders)[39m]: [1mnull[22m
    },
    _currentUrl: [32m'https://nominatim.openstreetmap.org/search?q=800+Michigan+Avenue+NE+Washington+&format=json&limit=1'[39m,
    _timeout: [1mnull[22m,
    [[32mSymbol(shapeMode)[39m]: [33mtrue[39m,
    [[32mSymbol(kCapture)[39m]: [33mfalse[39m
  },
  [cause]: Error: getaddrinfo ENOTFOUND nominatim.openstreetmap.org
  [90m    at GetAddrInfoReqWrap.onlookupall [as oncomplete] (node:dns:122:26)[39m {
    errno: [33m-3008[39m,
    code: [32m'ENOTFOUND'[39m,
    syscall: [32m'getaddrinfo'[39m,
    hostname: [32m'nominatim.openstreetmap.org'[39m
  }
}
getShifts called {
  queryBusinessId: 'cc93c9d4-c446-4bf2-b887-a3ded1e20b2d',
  headerBusinessId: 'cc93c9d4-c446-4bf2-b887-a3ded1e20b2d',
  start: '2025-12-31T23:00:00.000Z',
  end: '2026-01-31T22:59:59.999Z',
  employeeId: 'd8885eb7-41fe-4190-b791-7599f3e0ebaf',
  user: {
    userId: 'c45f92d4-b1c5-4331-bcfe-816b511ffe33',
    email: 'superadmin@unitedlinksecurity.com',
    role: 'SUPER_ADMIN',
    businessId: 'cc93c9d4-c446-4bf2-b887-a3ded1e20b2d'
  }
}
targetBusinessId resolved: cc93c9d4-c446-4bf2-b887-a3ded1e20b2d
getShifts called {
  queryBusinessId: 'cc93c9d4-c446-4bf2-b887-a3ded1e20b2d',
  headerBusinessId: 'cc93c9d4-c446-4bf2-b887-a3ded1e20b2d',
  start: '2025-12-31T23:00:00.000Z',
  end: '2026-01-31T22:59:59.999Z',
  employeeId: 'd8885eb7-41fe-4190-b791-7599f3e0ebaf',
  user: {
    userId: 'c45f92d4-b1c5-4331-bcfe-816b511ffe33',
    email: 'superadmin@unitedlinksecurity.com',
    role: 'SUPER_ADMIN',
    businessId: 'cc93c9d4-c446-4bf2-b887-a3ded1e20b2d'
  }
}
targetBusinessId resolved: cc93c9d4-c446-4bf2-b887-a3ded1e20b2d
AUTH validateUser email= superadmin@unitedlinksecurity.com found= true
AUTH bcrypt.compare ok= true
Checking employee record for user: c45f92d4-b1c5-4331-bcfe-816b511ffe33
Employee record found: false
Super Admin missing business context
Error in LocationsService.findAll: BadRequestException: Business context required for Super Admin
    at LocationsService.getBusinessId (/Users/it/Documents/trae_projects/unitedlinkgroup/apps/api/src/locations/locations.service.ts:17:15)
    at LocationsService.findAll (/Users/it/Documents/trae_projects/unitedlinkgroup/apps/api/src/locations/locations.service.ts:83:37)
    at LocationsController.findAll (/Users/it/Documents/trae_projects/unitedlinkgroup/apps/api/src/locations/locations.controller.ts:30:34)
    at /Users/it/Documents/trae_projects/unitedlinkgroup/node_modules/@nestjs/core/router/router-execution-context.js:38:29
    at process.processTicksAndRejections (node:internal/process/task_queues:105:5)
    at async /Users/it/Documents/trae_projects/unitedlinkgroup/node_modules/@nestjs/core/router/router-execution-context.js:46:28
    at async /Users/it/Documents/trae_projects/unitedlinkgroup/node_modules/@nestjs/core/router/router-proxy.js:9:17 {
  response: {
    message: 'Business context required for Super Admin',
    error: 'Bad Request',
    statusCode: 400
  },
  status: 400,
  options: {}
}
getShifts called {
  queryBusinessId: 'cc93c9d4-c446-4bf2-b887-a3ded1e20b2d',
  headerBusinessId: 'cc93c9d4-c446-4bf2-b887-a3ded1e20b2d',
  start: '2025-12-31T23:00:00.000Z',
  end: '2026-01-31T22:59:59.999Z',
  employeeId: 'd8885eb7-41fe-4190-b791-7599f3e0ebaf',
  user: {
    userId: 'c45f92d4-b1c5-4331-bcfe-816b511ffe33',
    email: 'superadmin@unitedlinksecurity.com',
    role: 'SUPER_ADMIN',
    businessId: 'cc93c9d4-c446-4bf2-b887-a3ded1e20b2d'
  }
}
targetBusinessId resolved: cc93c9d4-c446-4bf2-b887-a3ded1e20b2d
getShifts called {
  queryBusinessId: 'cc93c9d4-c446-4bf2-b887-a3ded1e20b2d',
  headerBusinessId: 'cc93c9d4-c446-4bf2-b887-a3ded1e20b2d',
  start: '2025-12-31T23:00:00.000Z',
  end: '2026-01-31T22:59:59.999Z',
  employeeId: 'd8885eb7-41fe-4190-b791-7599f3e0ebaf',
  user: {
    userId: 'c45f92d4-b1c5-4331-bcfe-816b511ffe33',
    email: 'superadmin@unitedlinksecurity.com',
    role: 'SUPER_ADMIN',
    businessId: 'cc93c9d4-c446-4bf2-b887-a3ded1e20b2d'
  }
}
targetBusinessId resolved: cc93c9d4-c446-4bf2-b887-a3ded1e20b2d
getShifts called {
  queryBusinessId: 'cc93c9d4-c446-4bf2-b887-a3ded1e20b2d',
  headerBusinessId: 'cc93c9d4-c446-4bf2-b887-a3ded1e20b2d',
  start: '2025-12-31T23:00:00.000Z',
  end: '2026-01-31T22:59:59.999Z',
  employeeId: 'd8885eb7-41fe-4190-b791-7599f3e0ebaf',
  user: {
    userId: 'c45f92d4-b1c5-4331-bcfe-816b511ffe33',
    email: 'superadmin@unitedlinksecurity.com',
    role: 'SUPER_ADMIN',
    businessId: 'cc93c9d4-c446-4bf2-b887-a3ded1e20b2d'
  }
}
targetBusinessId resolved: cc93c9d4-c446-4bf2-b887-a3ded1e20b2d
getShifts called {
  queryBusinessId: 'cc93c9d4-c446-4bf2-b887-a3ded1e20b2d',
  headerBusinessId: 'cc93c9d4-c446-4bf2-b887-a3ded1e20b2d',
  start: '2025-12-31T23:00:00.000Z',
  end: '2026-01-31T22:59:59.999Z',
  employeeId: 'd8885eb7-41fe-4190-b791-7599f3e0ebaf',
  user: {
    userId: 'c45f92d4-b1c5-4331-bcfe-816b511ffe33',
    email: 'superadmin@unitedlinksecurity.com',
    role: 'SUPER_ADMIN',
    businessId: 'cc93c9d4-c446-4bf2-b887-a3ded1e20b2d'
  }
}
targetBusinessId resolved: cc93c9d4-c446-4bf2-b887-a3ded1e20b2d
getShifts called {
  queryBusinessId: 'cc93c9d4-c446-4bf2-b887-a3ded1e20b2d',
  headerBusinessId: 'cc93c9d4-c446-4bf2-b887-a3ded1e20b2d',
  start: '2025-12-31T23:00:00.000Z',
  end: '2026-01-31T22:59:59.999Z',
  employeeId: 'd8885eb7-41fe-4190-b791-7599f3e0ebaf',
  user: {
    userId: 'c45f92d4-b1c5-4331-bcfe-816b511ffe33',
    email: 'superadmin@unitedlinksecurity.com',
    role: 'SUPER_ADMIN',
    businessId: 'cc93c9d4-c446-4bf2-b887-a3ded1e20b2d'
  }
}
targetBusinessId resolved: cc93c9d4-c446-4bf2-b887-a3ded1e20b2d
getShifts called {
  queryBusinessId: 'cc93c9d4-c446-4bf2-b887-a3ded1e20b2d',
  headerBusinessId: 'cc93c9d4-c446-4bf2-b887-a3ded1e20b2d',
  start: '2025-12-31T23:00:00.000Z',
  end: '2026-01-31T22:59:59.999Z',
  employeeId: 'd8885eb7-41fe-4190-b791-7599f3e0ebaf',
  user: {
    userId: 'c45f92d4-b1c5-4331-bcfe-816b511ffe33',
    email: 'superadmin@unitedlinksecurity.com',
    role: 'SUPER_ADMIN',
    businessId: 'cc93c9d4-c446-4bf2-b887-a3ded1e20b2d'
  }
}
targetBusinessId resolved: cc93c9d4-c446-4bf2-b887-a3ded1e20b2d
[31m[Nest] 51860  - [39m01/07/2026, 10:33:33 AM [31m  ERROR[39m [38;5;3m[ExceptionsHandler] [39mPrismaClientKnownRequestError: 
Invalid `this.prisma.announcement.delete()` invocation in
/Users/it/Documents/trae_projects/unitedlinkgroup/apps/api/src/announcements/announcements.service.ts:207:63

  204   throw new BadRequestException('Announcement not found or access denied');
  205 }
  206 
→ 207 const announcement = await this.prisma.announcement.delete(
Foreign key constraint violated: `foreign key`
    at $n.handleRequestError (/Users/it/Documents/trae_projects/unitedlinkgroup/packages/database/node_modules/[4m@prisma/client[24m/runtime/library.js:121:7315)
    at $n.handleAndLogRequestError (/Users/it/Documents/trae_projects/unitedlinkgroup/packages/database/node_modules/[4m@prisma/client[24m/runtime/library.js:121:6623)
    at $n.request (/Users/it/Documents/trae_projects/unitedlinkgroup/packages/database/node_modules/[4m@prisma/client[24m/runtime/library.js:121:6307)
    at async l (/Users/it/Documents/trae_projects/unitedlinkgroup/packages/database/node_modules/[4m@prisma/client[24m/runtime/library.js:130:9633)
    at async AnnouncementsService.remove [90m(/Users/it/Documents/trae_projects/unitedlinkgroup/apps/api/[39msrc/announcements/announcements.service.ts:207:26[90m)[39m
    at async /Users/it/Documents/trae_projects/unitedlinkgroup/node_modules/[4m@nestjs/core[24m/router/router-execution-context.js:46:28
    at async /Users/it/Documents/trae_projects/unitedlinkgroup/node_modules/[4m@nestjs/core[24m/router/router-proxy.js:9:17 {
  code: [32m'P2003'[39m,
  clientVersion: [32m'5.22.0'[39m,
  meta: {
    modelName: [32m'Announcement'[39m,
    field_name: [32m'foreign key'[39m
  }
}
getShifts called {
  queryBusinessId: undefined,
  headerBusinessId: 'cc93c9d4-c446-4bf2-b887-a3ded1e20b2d',
  start: '2026-01-04T23:00:00.000Z',
  end: '2026-01-11T22:59:59.999Z',
  employeeId: undefined,
  user: {
    userId: 'c45f92d4-b1c5-4331-bcfe-816b511ffe33',
    email: 'superadmin@unitedlinksecurity.com',
    role: 'SUPER_ADMIN',
    businessId: 'cc93c9d4-c446-4bf2-b887-a3ded1e20b2d'
  }
}
targetBusinessId resolved: cc93c9d4-c446-4bf2-b887-a3ded1e20b2d
getShifts called {
  queryBusinessId: undefined,
  headerBusinessId: 'cc93c9d4-c446-4bf2-b887-a3ded1e20b2d',
  start: '2026-01-04T23:00:00.000Z',
  end: '2026-01-11T22:59:59.999Z',
  employeeId: undefined,
  user: {
    userId: 'c45f92d4-b1c5-4331-bcfe-816b511ffe33',
    email: 'superadmin@unitedlinksecurity.com',
    role: 'SUPER_ADMIN',
    businessId: 'cc93c9d4-c446-4bf2-b887-a3ded1e20b2d'
  }
}
targetBusinessId resolved: cc93c9d4-c446-4bf2-b887-a3ded1e20b2d
Create Invoice Payload: {
  "invoiceNumber": "INV-552735",
  "issueDate": "2026-01-07",
  "dueDate": "2026-02-06",
  "status": "DRAFT",
  "notes": "",
  "items": [
    {
      "description": "Security Services",
      "quantity": 100,
      "rate": 45
    },
    {
      "description": "Armed Security Service",
      "quantity": 67,
      "rate": 76
    }
  ],
  "clientId": "0b89aabd-c335-40ca-adfb-a739a008facb",
  "locationId": "662825c0-266e-4c0d-9cb5-8899da7826b4"
}
getShifts called {
  queryBusinessId: undefined,
  headerBusinessId: 'cc93c9d4-c446-4bf2-b887-a3ded1e20b2d',
  start: '2026-01-04T23:00:00.000Z',
  end: '2026-01-11T22:59:59.999Z',
  employeeId: undefined,
  user: {
    userId: 'c45f92d4-b1c5-4331-bcfe-816b511ffe33',
    email: 'superadmin@unitedlinksecurity.com',
    role: 'SUPER_ADMIN',
    businessId: 'cc93c9d4-c446-4bf2-b887-a3ded1e20b2d'
  }
}
targetBusinessId resolved: cc93c9d4-c446-4bf2-b887-a3ded1e20b2d
getShifts called {
  queryBusinessId: undefined,
  headerBusinessId: 'cc93c9d4-c446-4bf2-b887-a3ded1e20b2d',
  start: '2026-01-04T23:00:00.000Z',
  end: '2026-01-11T22:59:59.999Z',
  employeeId: undefined,
  user: {
    userId: 'c45f92d4-b1c5-4331-bcfe-816b511ffe33',
    email: 'superadmin@unitedlinksecurity.com',
    role: 'SUPER_ADMIN',
    businessId: 'cc93c9d4-c446-4bf2-b887-a3ded1e20b2d'
  }
}
targetBusinessId resolved: cc93c9d4-c446-4bf2-b887-a3ded1e20b2d
getShifts called {
  queryBusinessId: undefined,
  headerBusinessId: 'cc93c9d4-c446-4bf2-b887-a3ded1e20b2d',
  start: '2026-01-04T23:00:00.000Z',
  end: '2026-01-11T22:59:59.999Z',
  employeeId: undefined,
  user: {
    userId: 'c45f92d4-b1c5-4331-bcfe-816b511ffe33',
    email: 'superadmin@unitedlinksecurity.com',
    role: 'SUPER_ADMIN',
    businessId: 'cc93c9d4-c446-4bf2-b887-a3ded1e20b2d'
  }
}
targetBusinessId resolved: cc93c9d4-c446-4bf2-b887-a3ded1e20b2d
getShifts called {
  queryBusinessId: undefined,
  headerBusinessId: 'cc93c9d4-c446-4bf2-b887-a3ded1e20b2d',
  start: '2026-01-04T23:00:00.000Z',
  end: '2026-01-11T22:59:59.999Z',
  employeeId: undefined,
  user: {
    userId: 'c45f92d4-b1c5-4331-bcfe-816b511ffe33',
    email: 'superadmin@unitedlinksecurity.com',
    role: 'SUPER_ADMIN',
    businessId: 'cc93c9d4-c446-4bf2-b887-a3ded1e20b2d'
  }
}
targetBusinessId resolved: cc93c9d4-c446-4bf2-b887-a3ded1e20b2d
getShifts called {
  queryBusinessId: undefined,
  headerBusinessId: 'cc93c9d4-c446-4bf2-b887-a3ded1e20b2d',
  start: '2026-01-04T23:00:00.000Z',
  end: '2026-01-11T22:59:59.999Z',
  employeeId: undefined,
  user: {
    userId: 'c45f92d4-b1c5-4331-bcfe-816b511ffe33',
    email: 'superadmin@unitedlinksecurity.com',
    role: 'SUPER_ADMIN',
    businessId: 'cc93c9d4-c446-4bf2-b887-a3ded1e20b2d'
  }
}
targetBusinessId resolved: cc93c9d4-c446-4bf2-b887-a3ded1e20b2d
getShifts called {
  queryBusinessId: undefined,
  headerBusinessId: 'cc93c9d4-c446-4bf2-b887-a3ded1e20b2d',
  start: '2026-01-04T23:00:00.000Z',
  end: '2026-01-11T22:59:59.999Z',
  employeeId: undefined,
  user: {
    userId: 'c45f92d4-b1c5-4331-bcfe-816b511ffe33',
    email: 'superadmin@unitedlinksecurity.com',
    role: 'SUPER_ADMIN',
    businessId: 'cc93c9d4-c446-4bf2-b887-a3ded1e20b2d'
  }
}
targetBusinessId resolved: cc93c9d4-c446-4bf2-b887-a3ded1e20b2d
getShifts called {
  queryBusinessId: undefined,
  headerBusinessId: 'cc93c9d4-c446-4bf2-b887-a3ded1e20b2d',
  start: '2026-01-04T23:00:00.000Z',
  end: '2026-01-11T22:59:59.999Z',
  employeeId: undefined,
  user: {
    userId: 'c45f92d4-b1c5-4331-bcfe-816b511ffe33',
    email: 'superadmin@unitedlinksecurity.com',
    role: 'SUPER_ADMIN',
    businessId: 'cc93c9d4-c446-4bf2-b887-a3ded1e20b2d'
  }
}
targetBusinessId resolved: cc93c9d4-c446-4bf2-b887-a3ded1e20b2d
getShifts called {
  queryBusinessId: 'cc93c9d4-c446-4bf2-b887-a3ded1e20b2d',
  headerBusinessId: 'cc93c9d4-c446-4bf2-b887-a3ded1e20b2d',
  start: '2025-12-31T23:00:00.000Z',
  end: '2026-01-31T22:59:59.999Z',
  employeeId: 'd8885eb7-41fe-4190-b791-7599f3e0ebaf',
  user: {
    userId: 'c45f92d4-b1c5-4331-bcfe-816b511ffe33',
    email: 'superadmin@unitedlinksecurity.com',
    role: 'SUPER_ADMIN',
    businessId: 'cc93c9d4-c446-4bf2-b887-a3ded1e20b2d'
  }
}
targetBusinessId resolved: cc93c9d4-c446-4bf2-b887-a3ded1e20b2d
Admin Clock In Request: {
  employeeId: 'd8885eb7-41fe-4190-b791-7599f3e0ebaf',
  locationId: '662825c0-266e-4c0d-9cb5-8899da7826b4'
}
getShifts called {
  queryBusinessId: 'cc93c9d4-c446-4bf2-b887-a3ded1e20b2d',
  headerBusinessId: 'cc93c9d4-c446-4bf2-b887-a3ded1e20b2d',
  start: '2025-12-31T23:00:00.000Z',
  end: '2026-01-31T22:59:59.999Z',
  employeeId: 'd8885eb7-41fe-4190-b791-7599f3e0ebaf',
  user: {
    userId: 'c45f92d4-b1c5-4331-bcfe-816b511ffe33',
    email: 'superadmin@unitedlinksecurity.com',
    role: 'SUPER_ADMIN',
    businessId: 'cc93c9d4-c446-4bf2-b887-a3ded1e20b2d'
  }
}
targetBusinessId resolved: cc93c9d4-c446-4bf2-b887-a3ded1e20b2d
getShifts called {
  queryBusinessId: 'cc93c9d4-c446-4bf2-b887-a3ded1e20b2d',
  headerBusinessId: 'cc93c9d4-c446-4bf2-b887-a3ded1e20b2d',
  start: '2025-12-31T23:00:00.000Z',
  end: '2026-01-31T22:59:59.999Z',
  employeeId: 'd8885eb7-41fe-4190-b791-7599f3e0ebaf',
  user: {
    userId: 'c45f92d4-b1c5-4331-bcfe-816b511ffe33',
    email: 'superadmin@unitedlinksecurity.com',
    role: 'SUPER_ADMIN',
    businessId: 'cc93c9d4-c446-4bf2-b887-a3ded1e20b2d'
  }
}
targetBusinessId resolved: cc93c9d4-c446-4bf2-b887-a3ded1e20b2d
getShifts called {
  queryBusinessId: 'cc93c9d4-c446-4bf2-b887-a3ded1e20b2d',
  headerBusinessId: 'cc93c9d4-c446-4bf2-b887-a3ded1e20b2d',
  start: '2025-12-31T23:00:00.000Z',
  end: '2026-01-31T22:59:59.999Z',
  employeeId: 'd8885eb7-41fe-4190-b791-7599f3e0ebaf',
  user: {
    userId: 'c45f92d4-b1c5-4331-bcfe-816b511ffe33',
    email: 'superadmin@unitedlinksecurity.com',
    role: 'SUPER_ADMIN',
    businessId: 'cc93c9d4-c446-4bf2-b887-a3ded1e20b2d'
  }
}
targetBusinessId resolved: cc93c9d4-c446-4bf2-b887-a3ded1e20b2d
Admin Clock Out Request: { employeeId: 'd8885eb7-41fe-4190-b791-7599f3e0ebaf' }
getShifts called {
  queryBusinessId: 'cc93c9d4-c446-4bf2-b887-a3ded1e20b2d',
  headerBusinessId: 'cc93c9d4-c446-4bf2-b887-a3ded1e20b2d',
  start: '2025-12-31T23:00:00.000Z',
  end: '2026-01-31T22:59:59.999Z',
  employeeId: 'd8885eb7-41fe-4190-b791-7599f3e0ebaf',
  user: {
    userId: 'c45f92d4-b1c5-4331-bcfe-816b511ffe33',
    email: 'superadmin@unitedlinksecurity.com',
    role: 'SUPER_ADMIN',
    businessId: 'cc93c9d4-c446-4bf2-b887-a3ded1e20b2d'
  }
}
targetBusinessId resolved: cc93c9d4-c446-4bf2-b887-a3ded1e20b2d
getShifts called {
  queryBusinessId: 'cc93c9d4-c446-4bf2-b887-a3ded1e20b2d',
  headerBusinessId: 'cc93c9d4-c446-4bf2-b887-a3ded1e20b2d',
  start: '2025-12-31T23:00:00.000Z',
  end: '2026-01-31T22:59:59.999Z',
  employeeId: 'd8885eb7-41fe-4190-b791-7599f3e0ebaf',
  user: {
    userId: 'c45f92d4-b1c5-4331-bcfe-816b511ffe33',
    email: 'superadmin@unitedlinksecurity.com',
    role: 'SUPER_ADMIN',
    businessId: 'cc93c9d4-c446-4bf2-b887-a3ded1e20b2d'
  }
}
targetBusinessId resolved: cc93c9d4-c446-4bf2-b887-a3ded1e20b2d
[32m[Nest] 51860  - [39m01/08/2026, 12:27:11 AM [32m    LOG[39m [38;5;3m[EmployeesService] [39m[32mRunning checkExpiringQualifications cron job...[39m
[32m[Nest] 51860  - [39m01/09/2026, 12:00:00 AM [32m    LOG[39m [38;5;3m[EmployeesService] [39m[32mRunning checkExpiringQualifications cron job...[39m
[32m[Nest] 51860  - [39m01/10/2026, 12:22:41 AM [32m    LOG[39m [38;5;3m[EmployeesService] [39m[32mRunning checkExpiringQualifications cron job...[39m
